-- MySQL dump 10.13  Distrib 8.0.42, for macos15 (x86_64)
--
-- Host: 127.0.0.1    Database: ecommerce_project
-- ------------------------------------------------------
-- Server version	9.3.0

/*!40101 SET @OLD_CHARACTER_SET_CLIENT=@@CHARACTER_SET_CLIENT */;
/*!40101 SET @OLD_CHARACTER_SET_RESULTS=@@CHARACTER_SET_RESULTS */;
/*!40101 SET @OLD_COLLATION_CONNECTION=@@COLLATION_CONNECTION */;
/*!50503 SET NAMES utf8 */;
/*!40103 SET @OLD_TIME_ZONE=@@TIME_ZONE */;
/*!40103 SET TIME_ZONE='+00:00' */;
/*!40014 SET @OLD_UNIQUE_CHECKS=@@UNIQUE_CHECKS, UNIQUE_CHECKS=0 */;
/*!40014 SET @OLD_FOREIGN_KEY_CHECKS=@@FOREIGN_KEY_CHECKS, FOREIGN_KEY_CHECKS=0 */;
/*!40101 SET @OLD_SQL_MODE=@@SQL_MODE, SQL_MODE='NO_AUTO_VALUE_ON_ZERO' */;
/*!40111 SET @OLD_SQL_NOTES=@@SQL_NOTES, SQL_NOTES=0 */;

--
-- Table structure for table `customers`
--

DROP TABLE IF EXISTS `customers`;
/*!40101 SET @saved_cs_client     = @@character_set_client */;
/*!50503 SET character_set_client = utf8mb4 */;
CREATE TABLE `customers` (
  `customer_id` text,
  `gender` text,
  `age` int DEFAULT NULL
) ENGINE=InnoDB DEFAULT CHARSET=utf8mb4 COLLATE=utf8mb4_0900_ai_ci;
/*!40101 SET character_set_client = @saved_cs_client */;

--
-- Dumping data for table `customers`
--

LOCK TABLES `customers` WRITE;
/*!40000 ALTER TABLE `customers` DISABLE KEYS */;
INSERT INTO `customers` VALUES ('CUST001','Male',34),('CUST002','Female',26),('CUST003','Male',50),('CUST004','Male',37),('CUST005','Male',30),('CUST006','Female',45),('CUST007','Male',46),('CUST008','Male',30),('CUST009','Male',63),('CUST010','Female',52),('CUST011','Male',23),('CUST012','Male',35),('CUST013','Male',22),('CUST014','Male',64),('CUST015','Female',42),('CUST016','Male',19),('CUST017','Female',27),('CUST018','Female',47),('CUST019','Female',62),('CUST020','Male',22),('CUST021','Female',50),('CUST022','Male',18),('CUST023','Female',35),('CUST024','Female',49),('CUST025','Female',64),('CUST026','Female',28),('CUST027','Female',38),('CUST028','Female',43),('CUST029','Female',42),('CUST030','Female',39),('CUST031','Male',44),('CUST032','Male',30),('CUST033','Female',50),('CUST034','Female',51),('CUST035','Female',58),('CUST036','Male',52),('CUST037','Female',18),('CUST038','Male',38),('CUST039','Male',23),('CUST040','Male',45),('CUST041','Male',34),('CUST042','Male',22),('CUST043','Female',48),('CUST044','Female',22),('CUST045','Female',55),('CUST046','Female',20),('CUST047','Female',40),('CUST048','Male',54),('CUST049','Female',54),('CUST050','Female',27),('CUST051','Male',27),('CUST052','Female',36),('CUST053','Male',34),('CUST054','Female',38),('CUST055','Male',31),('CUST056','Female',26),('CUST057','Female',63),('CUST058','Male',18),('CUST059','Male',62),('CUST060','Male',30),('CUST061','Male',21),('CUST062','Male',18),('CUST063','Male',57),('CUST064','Male',49),('CUST065','Male',51),('CUST066','Female',45),('CUST067','Female',48),('CUST068','Male',25),('CUST069','Female',56),('CUST070','Female',43),('CUST071','Female',51),('CUST072','Female',20),('CUST073','Male',29),('CUST074','Female',18),('CUST075','Male',61),('CUST076','Female',22),('CUST077','Female',47),('CUST078','Female',47),('CUST079','Male',34),('CUST080','Female',64),('CUST081','Male',40),('CUST082','Female',32),('CUST083','Male',54),('CUST084','Female',38),('CUST085','Male',31),('CUST086','Male',19),('CUST087','Female',28),('CUST088','Male',56),('CUST089','Female',55),('CUST090','Female',51),('CUST091','Female',55),('CUST092','Female',51),('CUST093','Female',35),('CUST094','Female',47),('CUST095','Female',32),('CUST096','Female',44),('CUST097','Female',51),('CUST098','Female',55),('CUST099','Female',50),('CUST100','Male',41),('CUST101','Male',32),('CUST102','Female',47),('CUST103','Female',59),('CUST104','Female',34),('CUST105','Female',22),('CUST106','Female',46),('CUST107','Female',21),('CUST108','Female',27),('CUST109','Female',34),('CUST110','Male',27),('CUST111','Female',34),('CUST112','Male',37),('CUST113','Female',41),('CUST114','Female',22),('CUST115','Male',51),('CUST116','Female',23),('CUST117','Male',19),('CUST118','Female',30),('CUST119','Female',60),('CUST120','Male',60),('CUST121','Female',28),('CUST122','Male',64),('CUST123','Female',40),('CUST124','Male',33),('CUST125','Male',48),('CUST126','Female',28),('CUST127','Female',33),('CUST128','Male',25),('CUST129','Female',21),('CUST130','Female',57),('CUST131','Female',21),('CUST132','Male',42),('CUST133','Male',20),('CUST134','Male',49),('CUST135','Male',20),('CUST136','Male',44),('CUST137','Male',46),('CUST138','Male',49),('CUST139','Male',36),('CUST140','Male',38),('CUST141','Female',22),('CUST142','Male',35),('CUST143','Female',45),('CUST144','Female',59),('CUST145','Female',39),('CUST146','Male',38),('CUST147','Male',23),('CUST148','Male',18),('CUST149','Male',22),('CUST150','Female',58),('CUST151','Male',29),('CUST152','Male',43),('CUST153','Male',63),('CUST154','Male',51),('CUST155','Male',31),('CUST156','Female',43),('CUST157','Male',62),('CUST158','Female',44),('CUST159','Male',26),('CUST160','Female',43),('CUST161','Male',64),('CUST162','Male',39),('CUST163','Female',64),('CUST164','Female',47),('CUST165','Female',60),('CUST166','Male',34),('CUST167','Female',43),('CUST168','Male',53),('CUST169','Male',18),('CUST170','Female',25),('CUST171','Female',52),('CUST172','Male',32),('CUST173','Male',64),('CUST174','Female',39),('CUST175','Female',31),('CUST176','Female',43),('CUST177','Male',45),('CUST178','Male',40),('CUST179','Male',31),('CUST180','Male',41),('CUST181','Male',19),('CUST182','Male',62),('CUST183','Female',43),('CUST184','Male',31),('CUST185','Male',24),('CUST186','Male',20),('CUST187','Female',64),('CUST188','Male',40),('CUST189','Male',63),('CUST190','Female',60),('CUST191','Male',64),('CUST192','Male',62),('CUST193','Male',35),('CUST194','Male',55),('CUST195','Male',52),('CUST196','Female',32),('CUST197','Female',42),('CUST198','Female',54),('CUST199','Male',45),('CUST200','Male',27),('CUST201','Male',56),('CUST202','Female',34),('CUST203','Male',56),('CUST204','Male',39),('CUST205','Female',43),('CUST206','Male',61),('CUST207','Female',42),('CUST208','Female',34),('CUST209','Female',30),('CUST210','Male',37),('CUST211','Male',42),('CUST212','Male',21),('CUST213','Male',27),('CUST214','Male',20),('CUST215','Male',58),('CUST216','Male',62),('CUST217','Female',35),('CUST218','Male',64),('CUST219','Female',53),('CUST220','Male',64),('CUST221','Male',39),('CUST222','Male',51),('CUST223','Female',64),('CUST224','Female',25),('CUST225','Female',57),('CUST226','Female',61),('CUST227','Male',36),('CUST228','Female',59),('CUST229','Male',58),('CUST230','Male',54),('CUST231','Female',23),('CUST232','Female',43),('CUST233','Female',51),('CUST234','Female',62),('CUST235','Female',23),('CUST236','Female',54),('CUST237','Female',50),('CUST238','Female',39),('CUST239','Male',38),('CUST240','Female',23),('CUST241','Female',23),('CUST242','Male',21),('CUST243','Female',47),('CUST244','Male',28),('CUST245','Male',47),('CUST246','Female',48),('CUST247','Male',41),('CUST248','Male',26),('CUST249','Male',20),('CUST250','Male',48),('CUST251','Female',57),('CUST252','Male',54),('CUST253','Female',53),('CUST254','Male',41),('CUST255','Male',48),('CUST256','Male',23),('CUST257','Male',19),('CUST258','Female',37),('CUST259','Female',45),('CUST260','Male',28),('CUST261','Male',21),('CUST262','Female',32),('CUST263','Male',23),('CUST264','Male',47),('CUST265','Male',55),('CUST266','Female',19),('CUST267','Female',32),('CUST268','Female',28),('CUST269','Male',25),('CUST270','Male',43),('CUST271','Female',62),('CUST272','Female',61),('CUST273','Female',22),('CUST274','Female',23),('CUST275','Male',43),('CUST276','Female',21),('CUST277','Male',36),('CUST278','Female',37),('CUST279','Male',50),('CUST280','Female',37),('CUST281','Female',29),('CUST282','Female',64),('CUST283','Female',18),('CUST284','Male',43),('CUST285','Female',31),('CUST286','Male',55),('CUST287','Male',54),('CUST288','Male',28),('CUST289','Male',53),('CUST290','Female',30),('CUST291','Male',60),('CUST292','Male',20),('CUST293','Male',50),('CUST294','Female',23),('CUST295','Female',27),('CUST296','Female',22),('CUST297','Female',40),('CUST298','Male',27),('CUST299','Male',61),('CUST300','Female',19),('CUST301','Male',30),('CUST302','Male',57),('CUST303','Male',19),('CUST304','Female',37),('CUST305','Female',18),('CUST306','Male',54),('CUST307','Female',26),('CUST308','Female',34),('CUST309','Female',26),('CUST310','Female',28),('CUST311','Female',32),('CUST312','Male',41),('CUST313','Female',55),('CUST314','Male',52),('CUST315','Male',47),('CUST316','Female',48),('CUST317','Male',22),('CUST318','Male',61),('CUST319','Male',31),('CUST320','Female',28),('CUST321','Female',26),('CUST322','Male',51),('CUST323','Female',29),('CUST324','Female',52),('CUST325','Female',52),('CUST326','Female',18),('CUST327','Male',57),('CUST328','Male',39),('CUST329','Female',46),('CUST330','Female',25),('CUST331','Male',28),('CUST332','Male',58),('CUST333','Female',54),('CUST334','Male',31),('CUST335','Female',47),('CUST336','Female',52),('CUST337','Male',38),('CUST338','Male',54),('CUST339','Female',22),('CUST340','Female',36),('CUST341','Male',31),('CUST342','Female',43),('CUST343','Male',21),('CUST344','Female',42),('CUST345','Male',62),('CUST346','Male',59),('CUST347','Male',42),('CUST348','Female',35),('CUST349','Female',57),('CUST350','Male',25),('CUST351','Female',56),('CUST352','Male',57),('CUST353','Male',31),('CUST354','Female',49),('CUST355','Female',55),('CUST356','Male',50),('CUST357','Female',40),('CUST358','Female',32),('CUST359','Male',50),('CUST360','Male',42),('CUST361','Female',34),('CUST362','Male',50),('CUST363','Male',64),('CUST364','Female',19),('CUST365','Male',31),('CUST366','Male',57),('CUST367','Female',57),('CUST368','Female',56),('CUST369','Male',23),('CUST370','Male',23),('CUST371','Female',20),('CUST372','Female',24),('CUST373','Female',25),('CUST374','Female',59),('CUST375','Male',32),('CUST376','Female',64),('CUST377','Female',46),('CUST378','Male',50),('CUST379','Female',47),('CUST380','Male',56),('CUST381','Female',44),('CUST382','Female',53),('CUST383','Female',46),('CUST384','Male',55),('CUST385','Male',50),('CUST386','Female',54),('CUST387','Male',44),('CUST388','Male',50),('CUST389','Male',21),('CUST390','Male',39),('CUST391','Male',19),('CUST392','Male',27),('CUST393','Female',22),('CUST394','Female',27),('CUST395','Male',50),('CUST396','Female',55),('CUST397','Female',30),('CUST398','Female',48),('CUST399','Female',64),('CUST400','Male',53),('CUST401','Female',62),('CUST402','Female',41),('CUST403','Male',32),('CUST404','Male',46),('CUST405','Female',25),('CUST406','Female',22),('CUST407','Female',46),('CUST408','Female',64),('CUST409','Female',21),('CUST410','Female',29),('CUST411','Male',62),('CUST412','Female',19),('CUST413','Female',44),('CUST414','Male',48),('CUST415','Male',53),('CUST416','Male',53),('CUST417','Male',43),('CUST418','Female',60),('CUST419','Female',44),('CUST420','Female',22),('CUST421','Female',37),('CUST422','Female',28),('CUST423','Female',27),('CUST424','Male',57),('CUST425','Female',55),('CUST426','Male',23),('CUST427','Male',25),('CUST428','Female',40),('CUST429','Male',64),('CUST430','Female',43),('CUST431','Male',63),('CUST432','Female',60),('CUST433','Male',29),('CUST434','Female',43),('CUST435','Female',30),('CUST436','Female',57),('CUST437','Female',35),('CUST438','Female',42),('CUST439','Male',50),('CUST440','Male',64),('CUST441','Male',57),('CUST442','Female',60),('CUST443','Male',29),('CUST444','Female',61),('CUST445','Female',53),('CUST446','Male',21),('CUST447','Male',22),('CUST448','Female',54),('CUST449','Male',25),('CUST450','Female',59),('CUST451','Female',45),('CUST452','Female',48),('CUST453','Female',26),('CUST454','Female',46),('CUST455','Male',31),('CUST456','Male',57),('CUST457','Female',58),('CUST458','Female',39),('CUST459','Male',28),('CUST460','Male',40),('CUST461','Female',18),('CUST462','Male',63),('CUST463','Female',54),('CUST464','Male',38),('CUST465','Female',43),('CUST466','Male',63),('CUST467','Female',53),('CUST468','Male',40),('CUST469','Male',18),('CUST470','Female',57),('CUST471','Male',32),('CUST472','Female',38),('CUST473','Male',64),('CUST474','Female',26),('CUST475','Male',26),('CUST476','Female',27),('CUST477','Male',43),('CUST478','Female',58),('CUST479','Male',52),('CUST480','Female',42),('CUST481','Female',43),('CUST482','Female',28),('CUST483','Male',55),('CUST484','Female',19),('CUST485','Male',24),('CUST486','Female',35),('CUST487','Male',44),('CUST488','Female',51),('CUST489','Male',44),('CUST490','Male',34),('CUST491','Female',60),('CUST492','Male',61),('CUST493','Male',41),('CUST494','Female',42),('CUST495','Male',24),('CUST496','Male',23),('CUST497','Male',41),('CUST498','Female',50),('CUST499','Male',46),('CUST500','Female',60),('CUST501','Male',39),('CUST502','Male',43),('CUST503','Male',45),('CUST504','Female',38),('CUST505','Male',24),('CUST506','Male',34),('CUST507','Female',37),('CUST508','Male',58),('CUST509','Female',37),('CUST510','Female',39),('CUST511','Male',45),('CUST512','Female',57),('CUST513','Male',24),('CUST514','Female',18),('CUST515','Female',49),('CUST516','Male',30),('CUST517','Female',47),('CUST518','Female',40),('CUST519','Female',36),('CUST520','Female',49),('CUST521','Female',47),('CUST522','Male',46),('CUST523','Female',62),('CUST524','Male',46),('CUST525','Female',47),('CUST526','Male',33),('CUST527','Male',57),('CUST528','Female',36),('CUST529','Female',35),('CUST530','Female',18),('CUST531','Male',31),('CUST532','Female',64),('CUST533','Male',19),('CUST534','Male',45),('CUST535','Male',47),('CUST536','Female',55),('CUST537','Female',21),('CUST538','Male',18),('CUST539','Male',25),('CUST540','Female',46),('CUST541','Male',56),('CUST542','Female',20),('CUST543','Male',49),('CUST544','Female',27),('CUST545','Male',27),('CUST546','Female',36),('CUST547','Male',63),('CUST548','Female',51),('CUST549','Female',50),('CUST550','Male',40),('CUST551','Male',45),('CUST552','Female',49),('CUST553','Male',24),('CUST554','Female',46),('CUST555','Male',25),('CUST556','Female',18),('CUST557','Female',20),('CUST558','Female',41),('CUST559','Female',40),('CUST560','Female',25),('CUST561','Female',64),('CUST562','Male',54),('CUST563','Male',20),('CUST564','Male',50),('CUST565','Female',45),('CUST566','Female',64),('CUST567','Female',25),('CUST568','Female',51),('CUST569','Male',52),('CUST570','Male',49),('CUST571','Female',41),('CUST572','Male',31),('CUST573','Male',49),('CUST574','Female',63),('CUST575','Male',60),('CUST576','Female',33),('CUST577','Male',21),('CUST578','Female',54),('CUST579','Female',38),('CUST580','Female',31),('CUST581','Female',48),('CUST582','Male',35),('CUST583','Female',24),('CUST584','Female',27),('CUST585','Female',24),('CUST586','Male',50),('CUST587','Female',40),('CUST588','Male',38),('CUST589','Female',36),('CUST590','Male',36),('CUST591','Male',53),('CUST592','Female',46),('CUST593','Male',35),('CUST594','Female',19),('CUST595','Female',18),('CUST596','Female',64),('CUST597','Male',22),('CUST598','Male',37),('CUST599','Female',28),('CUST600','Female',59),('CUST601','Male',19),('CUST602','Female',20),('CUST603','Female',40),('CUST604','Female',29),('CUST605','Male',37),('CUST606','Male',22),('CUST607','Male',54),('CUST608','Female',55),('CUST609','Female',47),('CUST610','Female',26),('CUST611','Male',51),('CUST612','Female',61),('CUST613','Female',52),('CUST614','Female',39),('CUST615','Female',61),('CUST616','Male',41),('CUST617','Male',34),('CUST618','Female',27),('CUST619','Male',47),('CUST620','Male',63),('CUST621','Female',40),('CUST622','Female',49),('CUST623','Male',34),('CUST624','Female',34),('CUST625','Male',31),('CUST626','Female',26),('CUST627','Male',57),('CUST628','Female',19),('CUST629','Male',62),('CUST630','Male',42),('CUST631','Male',56),('CUST632','Female',26),('CUST633','Male',39),('CUST634','Male',60),('CUST635','Female',63),('CUST636','Female',21),('CUST637','Male',43),('CUST638','Male',46),('CUST639','Female',62),('CUST640','Female',51),('CUST641','Female',40),('CUST642','Female',54),('CUST643','Female',28),('CUST644','Male',23),('CUST645','Female',35),('CUST646','Male',38),('CUST647','Male',59),('CUST648','Male',53),('CUST649','Female',58),('CUST650','Male',55),('CUST651','Male',51),('CUST652','Female',34),('CUST653','Male',54),('CUST654','Male',42),('CUST655','Female',55),('CUST656','Male',29),('CUST657','Male',40),('CUST658','Male',59),('CUST659','Female',39),('CUST660','Female',38),('CUST661','Female',44),('CUST662','Male',48),('CUST663','Male',23),('CUST664','Female',44),('CUST665','Male',57),('CUST666','Male',51),('CUST667','Female',29),('CUST668','Female',62),('CUST669','Male',24),('CUST670','Male',27),('CUST671','Male',62),('CUST672','Female',34),('CUST673','Female',43),('CUST674','Female',38),('CUST675','Female',45),('CUST676','Male',63),('CUST677','Female',19),('CUST678','Female',60),('CUST679','Female',18),('CUST680','Female',53),('CUST681','Female',43),('CUST682','Male',46),('CUST683','Male',38),('CUST684','Female',28),('CUST685','Male',57),('CUST686','Female',28),('CUST687','Female',53),('CUST688','Male',56),('CUST689','Male',57),('CUST690','Female',52),('CUST691','Female',51),('CUST692','Female',64),('CUST693','Male',41),('CUST694','Female',39),('CUST695','Female',22),('CUST696','Female',50),('CUST697','Male',53),('CUST698','Female',64),('CUST699','Female',37),('CUST700','Male',36),('CUST701','Female',52),('CUST702','Female',60),('CUST703','Male',34),('CUST704','Female',62),('CUST705','Male',60),('CUST706','Male',51),('CUST707','Female',26),('CUST708','Female',43),('CUST709','Female',19),('CUST710','Female',26),('CUST711','Male',26),('CUST712','Female',57),('CUST713','Male',34),('CUST714','Female',18),('CUST715','Female',42),('CUST716','Female',60),('CUST717','Male',57),('CUST718','Female',59),('CUST719','Female',42),('CUST720','Female',56),('CUST721','Female',52),('CUST722','Male',20),('CUST723','Female',54),('CUST724','Male',61),('CUST725','Male',61),('CUST726','Male',47),('CUST727','Male',55),('CUST728','Male',51),('CUST729','Male',29),('CUST730','Female',36),('CUST731','Male',54),('CUST732','Male',61),('CUST733','Male',34),('CUST734','Female',27),('CUST735','Female',64),('CUST736','Male',29),('CUST737','Female',33),('CUST738','Male',41),('CUST739','Male',36),('CUST740','Female',25),('CUST741','Male',48),('CUST742','Female',38),('CUST743','Female',34),('CUST744','Male',40),('CUST745','Male',54),('CUST746','Female',33),('CUST747','Male',23),('CUST748','Male',25),('CUST749','Male',42),('CUST750','Female',35),('CUST751','Female',42),('CUST752','Male',29),('CUST753','Female',32),('CUST754','Female',43),('CUST755','Female',58),('CUST756','Female',62),('CUST757','Female',43),('CUST758','Male',64),('CUST759','Male',49),('CUST760','Male',27),('CUST761','Female',33),('CUST762','Female',24),('CUST763','Male',34),('CUST764','Female',40),('CUST765','Male',43),('CUST766','Male',38),('CUST767','Male',39),('CUST768','Female',24),('CUST769','Female',31),('CUST770','Male',32),('CUST771','Male',24),('CUST772','Male',26),('CUST773','Male',25),('CUST774','Female',40),('CUST775','Female',46),('CUST776','Male',35),('CUST777','Male',48),('CUST778','Female',47),('CUST779','Female',56),('CUST780','Male',52),('CUST781','Male',35),('CUST782','Male',59),('CUST783','Female',56),('CUST784','Female',34),('CUST785','Female',31),('CUST786','Male',48),('CUST787','Male',41),('CUST788','Female',52),('CUST789','Female',61),('CUST790','Male',62),('CUST791','Female',51),('CUST792','Female',20),('CUST793','Male',54),('CUST794','Female',60),('CUST795','Male',57),('CUST796','Male',43),('CUST797','Male',40),('CUST798','Male',61),('CUST799','Male',56),('CUST800','Male',32),('CUST801','Male',21),('CUST802','Female',46),('CUST803','Male',39),('CUST804','Male',42),('CUST805','Female',30),('CUST806','Female',35),('CUST807','Female',50),('CUST808','Male',33),('CUST809','Female',62),('CUST810','Male',59),('CUST811','Male',61),('CUST812','Male',19),('CUST813','Male',52),('CUST814','Female',59),('CUST815','Female',51),('CUST816','Male',47),('CUST817','Male',30),('CUST818','Male',30),('CUST819','Female',35),('CUST820','Male',49),('CUST821','Male',49),('CUST822','Female',52),('CUST823','Female',56),('CUST824','Male',63),('CUST825','Female',46),('CUST826','Female',46),('CUST827','Male',61),('CUST828','Female',33),('CUST829','Male',61),('CUST830','Female',64),('CUST831','Male',27),('CUST832','Male',47),('CUST833','Male',42),('CUST834','Female',56),('CUST835','Male',37),('CUST836','Female',22),('CUST837','Male',18),('CUST838','Male',47),('CUST839','Female',20),('CUST840','Male',62),('CUST841','Male',31),('CUST842','Female',47),('CUST843','Male',21),('CUST844','Male',35),('CUST845','Male',54),('CUST846','Male',42),('CUST847','Female',18),('CUST848','Female',63),('CUST849','Male',32),('CUST850','Female',26),('CUST851','Male',32),('CUST852','Female',41),('CUST853','Male',21),('CUST854','Male',29),('CUST855','Male',54),('CUST856','Male',54),('CUST857','Male',60),('CUST858','Male',23),('CUST859','Female',56),('CUST860','Male',63),('CUST861','Female',41),('CUST862','Male',28),('CUST863','Female',30),('CUST864','Female',51),('CUST865','Female',42),('CUST866','Male',24),('CUST867','Male',21),('CUST868','Female',25),('CUST869','Male',37),('CUST870','Female',46),('CUST871','Male',62),('CUST872','Female',63),('CUST873','Female',27),('CUST874','Male',60),('CUST875','Female',51),('CUST876','Male',43),('CUST877','Female',58),('CUST878','Female',20),('CUST879','Male',23),('CUST880','Male',22),('CUST881','Male',22),('CUST882','Female',64),('CUST883','Male',40),('CUST884','Female',26),('CUST885','Female',52),('CUST886','Male',37),('CUST887','Male',59),('CUST888','Female',52),('CUST889','Female',35),('CUST890','Male',34),('CUST891','Male',41),('CUST892','Male',20),('CUST893','Male',49),('CUST894','Male',52),('CUST895','Female',55),('CUST896','Female',30),('CUST897','Female',64),('CUST898','Female',42),('CUST899','Male',26),('CUST900','Male',21),('CUST901','Male',31),('CUST902','Female',54),('CUST903','Female',51),('CUST904','Male',28),('CUST905','Male',58),('CUST906','Female',20),('CUST907','Female',45),('CUST908','Male',46),('CUST909','Male',26),('CUST910','Female',20),('CUST911','Male',42),('CUST912','Male',51),('CUST913','Male',29),('CUST914','Female',59),('CUST915','Female',26),('CUST916','Female',32),('CUST917','Female',57),('CUST918','Female',42),('CUST919','Female',22),('CUST920','Female',28),('CUST921','Male',51),('CUST922','Male',41),('CUST923','Male',32),('CUST924','Male',55),('CUST925','Male',25),('CUST926','Male',22),('CUST927','Male',43),('CUST928','Female',35),('CUST929','Female',23),('CUST930','Male',54),('CUST931','Male',30),('CUST932','Female',45),('CUST933','Male',22),('CUST934','Male',30),('CUST935','Female',34),('CUST936','Male',57),('CUST937','Female',62),('CUST938','Male',49),('CUST939','Female',46),('CUST940','Female',20),('CUST941','Female',57),('CUST942','Male',51),('CUST943','Female',57),('CUST944','Male',44),('CUST945','Male',30),('CUST946','Male',62),('CUST947','Male',50),('CUST948','Female',23),('CUST949','Female',41),('CUST950','Male',36),('CUST951','Male',33),('CUST952','Female',57),('CUST953','Male',45),('CUST954','Female',50),('CUST955','Male',58),('CUST956','Male',30),('CUST957','Female',60),('CUST958','Male',62),('CUST959','Female',42),('CUST960','Male',59),('CUST961','Male',53),('CUST962','Male',44),('CUST963','Female',55),('CUST964','Male',24),('CUST965','Male',22),('CUST966','Male',60),('CUST967','Male',62),('CUST968','Female',48),('CUST969','Female',40),('CUST970','Male',59),('CUST971','Female',27),('CUST972','Male',49),('CUST973','Male',60),('CUST974','Male',47),('CUST975','Female',56),('CUST976','Female',48),('CUST977','Female',35),('CUST978','Female',53),('CUST979','Female',19),('CUST980','Female',31),('CUST981','Female',30),('CUST982','Female',46),('CUST983','Female',29),('CUST984','Male',56),('CUST985','Female',19),('CUST986','Female',49),('CUST987','Female',30),('CUST988','Female',63),('CUST989','Female',44),('CUST990','Female',58),('CUST991','Female',34),('CUST992','Female',57),('CUST993','Female',48),('CUST994','Female',51),('CUST995','Female',41),('CUST996','Male',62),('CUST997','Male',52),('CUST998','Female',23),('CUST999','Female',36),('CUST1000','Male',47);
/*!40000 ALTER TABLE `customers` ENABLE KEYS */;
UNLOCK TABLES;

--
-- Table structure for table `products`
--

DROP TABLE IF EXISTS `products`;
/*!40101 SET @saved_cs_client     = @@character_set_client */;
/*!50503 SET character_set_client = utf8mb4 */;
CREATE TABLE `products` (
  `product_category` text,
  `price_per_unit` int DEFAULT NULL
) ENGINE=InnoDB DEFAULT CHARSET=utf8mb4 COLLATE=utf8mb4_0900_ai_ci;
/*!40101 SET character_set_client = @saved_cs_client */;

--
-- Dumping data for table `products`
--

LOCK TABLES `products` WRITE;
/*!40000 ALTER TABLE `products` DISABLE KEYS */;
INSERT INTO `products` VALUES ('Beauty',50),('Clothing',500),('Electronics',30),('Beauty',30),('Clothing',25),('Electronics',25),('Electronics',300),('Clothing',50),('Beauty',25),('Electronics',500),('Clothing',30),('Clothing',300),('Beauty',500),('Beauty',300),('Electronics',50);
/*!40000 ALTER TABLE `products` ENABLE KEYS */;
UNLOCK TABLES;

--
-- Table structure for table `retail_sales`
--

DROP TABLE IF EXISTS `retail_sales`;
/*!40101 SET @saved_cs_client     = @@character_set_client */;
/*!50503 SET character_set_client = utf8mb4 */;
CREATE TABLE `retail_sales` (
  `Transaction_id` int DEFAULT NULL,
  `Date` text,
  `Customer_Id` text,
  `Gender` text,
  `Age` int DEFAULT NULL,
  `Product_Category` text,
  `Quantity` int DEFAULT NULL,
  `Price_Per_Unit` int DEFAULT NULL,
  `Total Amount` int DEFAULT NULL
) ENGINE=InnoDB DEFAULT CHARSET=utf8mb4 COLLATE=utf8mb4_0900_ai_ci;
/*!40101 SET character_set_client = @saved_cs_client */;

--
-- Dumping data for table `retail_sales`
--

LOCK TABLES `retail_sales` WRITE;
/*!40000 ALTER TABLE `retail_sales` DISABLE KEYS */;
INSERT INTO `retail_sales` VALUES (1,'24/11/23','CUST001','Male',34,'Beauty',3,50,150),(2,'27/02/23','CUST002','Female',26,'Clothing',2,500,1000),(3,'13/01/23','CUST003','Male',50,'Electronics',1,30,30),(4,'21/05/23','CUST004','Male',37,'Clothing',1,500,500),(5,'06/05/23','CUST005','Male',30,'Beauty',2,50,100),(6,'25/04/23','CUST006','Female',45,'Beauty',1,30,30),(7,'13/03/23','CUST007','Male',46,'Clothing',2,25,50),(8,'22/02/23','CUST008','Male',30,'Electronics',4,25,100),(9,'13/12/23','CUST009','Male',63,'Electronics',2,300,600),(10,'07/10/23','CUST010','Female',52,'Clothing',4,50,200),(11,'14/02/23','CUST011','Male',23,'Clothing',2,50,100),(12,'30/10/23','CUST012','Male',35,'Beauty',3,25,75),(13,'05/08/23','CUST013','Male',22,'Electronics',3,500,1500),(14,'17/01/23','CUST014','Male',64,'Clothing',4,30,120),(15,'16/01/23','CUST015','Female',42,'Electronics',4,500,2000),(16,'17/02/23','CUST016','Male',19,'Clothing',3,500,1500),(17,'22/04/23','CUST017','Female',27,'Clothing',4,25,100),(18,'30/04/23','CUST018','Female',47,'Electronics',2,25,50),(19,'16/09/23','CUST019','Female',62,'Clothing',2,25,50),(20,'05/11/23','CUST020','Male',22,'Clothing',3,300,900),(21,'14/01/23','CUST021','Female',50,'Beauty',1,500,500),(22,'15/10/23','CUST022','Male',18,'Clothing',2,50,100),(23,'12/04/23','CUST023','Female',35,'Clothing',4,30,120),(24,'29/11/23','CUST024','Female',49,'Clothing',1,300,300),(25,'26/12/23','CUST025','Female',64,'Beauty',1,50,50),(26,'07/10/23','CUST026','Female',28,'Electronics',2,500,1000),(27,'03/08/23','CUST027','Female',38,'Beauty',2,25,50),(28,'23/04/23','CUST028','Female',43,'Beauty',1,500,500),(29,'18/08/23','CUST029','Female',42,'Electronics',1,30,30),(30,'29/10/23','CUST030','Female',39,'Beauty',3,300,900),(31,'23/05/23','CUST031','Male',44,'Electronics',4,300,1200),(32,'04/01/23','CUST032','Male',30,'Beauty',3,30,90),(33,'23/03/23','CUST033','Female',50,'Electronics',2,50,100),(34,'24/12/23','CUST034','Female',51,'Clothing',3,50,150),(35,'05/08/23','CUST035','Female',58,'Beauty',3,300,900),(36,'24/06/23','CUST036','Male',52,'Beauty',3,300,900),(37,'23/05/23','CUST037','Female',18,'Beauty',3,25,75),(38,'21/03/23','CUST038','Male',38,'Beauty',4,50,200),(39,'21/04/23','CUST039','Male',23,'Clothing',4,30,120),(40,'22/06/23','CUST040','Male',45,'Beauty',1,50,50),(41,'22/02/23','CUST041','Male',34,'Clothing',2,25,50),(42,'17/02/23','CUST042','Male',22,'Clothing',3,300,900),(43,'14/07/23','CUST043','Female',48,'Clothing',1,300,300),(44,'19/02/23','CUST044','Female',22,'Clothing',1,25,25),(45,'03/07/23','CUST045','Female',55,'Electronics',1,30,30),(46,'26/06/23','CUST046','Female',20,'Electronics',4,300,1200),(47,'06/11/23','CUST047','Female',40,'Beauty',3,500,1500),(48,'16/05/23','CUST048','Male',54,'Electronics',3,300,900),(49,'23/01/23','CUST049','Female',54,'Electronics',2,500,1000),(50,'24/08/23','CUST050','Female',27,'Beauty',3,25,75),(51,'02/10/23','CUST051','Male',27,'Beauty',3,25,75),(52,'05/03/23','CUST052','Female',36,'Beauty',1,300,300),(53,'13/07/23','CUST053','Male',34,'Electronics',2,50,100),(54,'10/02/23','CUST054','Female',38,'Electronics',3,500,1500),(55,'10/10/23','CUST055','Male',31,'Beauty',4,30,120),(56,'31/05/23','CUST056','Female',26,'Clothing',3,300,900),(57,'18/11/23','CUST057','Female',63,'Beauty',1,30,30),(58,'13/11/23','CUST058','Male',18,'Clothing',4,300,1200),(59,'05/07/23','CUST059','Male',62,'Clothing',1,50,50),(60,'23/10/23','CUST060','Male',30,'Beauty',3,50,150),(61,'09/04/23','CUST061','Male',21,'Beauty',4,50,200),(62,'27/12/23','CUST062','Male',18,'Beauty',2,50,100),(63,'05/02/23','CUST063','Male',57,'Electronics',2,25,50),(64,'24/01/23','CUST064','Male',49,'Clothing',4,25,100),(65,'05/12/23','CUST065','Male',51,'Electronics',4,500,2000),(66,'27/04/23','CUST066','Female',45,'Electronics',1,30,30),(67,'29/05/23','CUST067','Female',48,'Beauty',4,300,1200),(68,'10/02/23','CUST068','Male',25,'Electronics',1,300,300),(69,'30/04/23','CUST069','Female',56,'Beauty',3,25,75),(70,'21/02/23','CUST070','Female',43,'Clothing',1,300,300),(71,'14/07/23','CUST071','Female',51,'Beauty',4,25,100),(72,'23/05/23','CUST072','Female',20,'Electronics',4,500,2000),(73,'21/08/23','CUST073','Male',29,'Electronics',3,30,90),(74,'22/11/23','CUST074','Female',18,'Beauty',4,500,2000),(75,'06/07/23','CUST075','Male',61,'Beauty',4,50,200),(76,'25/03/23','CUST076','Female',22,'Electronics',2,50,100),(77,'09/07/23','CUST077','Female',47,'Clothing',2,50,100),(78,'01/07/23','CUST078','Female',47,'Clothing',3,500,1500),(79,'18/04/23','CUST079','Male',34,'Beauty',1,300,300),(80,'10/12/23','CUST080','Female',64,'Clothing',2,30,60),(81,'17/05/23','CUST081','Male',40,'Electronics',1,50,50),(82,'26/12/23','CUST082','Female',32,'Beauty',4,50,200),(83,'16/12/23','CUST083','Male',54,'Electronics',2,50,100),(84,'28/11/23','CUST084','Female',38,'Electronics',3,30,90),(85,'06/02/23','CUST085','Male',31,'Clothing',3,50,150),(86,'08/11/23','CUST086','Male',19,'Beauty',3,30,90),(87,'22/11/23','CUST087','Female',28,'Beauty',2,50,100),(88,'29/03/23','CUST088','Male',56,'Clothing',1,500,500),(89,'01/10/23','CUST089','Female',55,'Electronics',4,500,2000),(90,'06/05/23','CUST090','Female',51,'Electronics',1,30,30),(91,'25/03/23','CUST091','Female',55,'Electronics',1,500,500),(92,'25/08/23','CUST092','Female',51,'Electronics',4,30,120),(93,'14/07/23','CUST093','Female',35,'Beauty',4,500,2000),(94,'19/05/23','CUST094','Female',47,'Beauty',2,500,1000),(95,'24/11/23','CUST095','Female',32,'Clothing',2,30,60),(96,'19/12/23','CUST096','Female',44,'Clothing',2,300,600),(97,'13/10/23','CUST097','Female',51,'Beauty',2,500,1000),(98,'23/04/23','CUST098','Female',55,'Beauty',2,50,100),(99,'17/12/23','CUST099','Female',50,'Electronics',4,300,1200),(100,'16/06/23','CUST100','Male',41,'Electronics',1,30,30),(101,'29/01/23','CUST101','Male',32,'Clothing',2,300,600),(102,'28/04/23','CUST102','Female',47,'Beauty',2,25,50),(103,'17/01/23','CUST103','Female',59,'Clothing',1,25,25),(104,'11/06/23','CUST104','Female',34,'Beauty',2,500,1000),(105,'25/07/23','CUST105','Female',22,'Electronics',1,500,500),(106,'18/05/23','CUST106','Female',46,'Clothing',1,50,50),(107,'03/02/23','CUST107','Female',21,'Clothing',4,300,1200),(108,'19/04/23','CUST108','Female',27,'Beauty',3,25,75),(109,'18/10/23','CUST109','Female',34,'Electronics',4,500,2000),(110,'11/06/23','CUST110','Male',27,'Clothing',3,300,900),(111,'19/04/23','CUST111','Female',34,'Electronics',3,500,1500),(112,'02/12/23','CUST112','Male',37,'Clothing',3,500,1500),(113,'13/09/23','CUST113','Female',41,'Electronics',2,25,50),(114,'22/07/23','CUST114','Female',22,'Beauty',4,25,100),(115,'26/11/23','CUST115','Male',51,'Clothing',3,500,1500),(116,'23/08/23','CUST116','Female',23,'Clothing',1,30,30),(117,'15/03/23','CUST117','Male',19,'Electronics',2,500,1000),(118,'16/05/23','CUST118','Female',30,'Electronics',4,500,2000),(119,'13/03/23','CUST119','Female',60,'Clothing',3,50,150),(120,'07/05/23','CUST120','Male',60,'Beauty',1,50,50),(121,'15/10/23','CUST121','Female',28,'Electronics',4,50,200),(122,'03/10/23','CUST122','Male',64,'Electronics',4,30,120),(123,'15/05/23','CUST123','Female',40,'Electronics',2,30,60),(124,'27/10/23','CUST124','Male',33,'Clothing',4,500,2000),(125,'08/08/23','CUST125','Male',48,'Clothing',2,50,100),(126,'26/10/23','CUST126','Female',28,'Clothing',3,30,90),(127,'24/07/23','CUST127','Female',33,'Clothing',2,25,50),(128,'05/07/23','CUST128','Male',25,'Beauty',1,500,500),(129,'23/04/23','CUST129','Female',21,'Beauty',2,300,600),(130,'12/03/23','CUST130','Female',57,'Clothing',1,500,500),(131,'18/09/23','CUST131','Female',21,'Beauty',2,300,600),(132,'10/09/23','CUST132','Male',42,'Electronics',4,50,200),(133,'16/02/23','CUST133','Male',20,'Electronics',3,300,900),(134,'25/01/23','CUST134','Male',49,'Electronics',1,50,50),(135,'26/02/23','CUST135','Male',20,'Clothing',2,25,50),(136,'20/03/23','CUST136','Male',44,'Electronics',2,300,600),(137,'18/11/23','CUST137','Male',46,'Beauty',2,500,1000),(138,'23/03/23','CUST138','Male',49,'Clothing',4,50,200),(139,'15/12/23','CUST139','Male',36,'Beauty',4,500,2000),(140,'05/08/23','CUST140','Male',38,'Electronics',1,30,30),(141,'02/11/23','CUST141','Female',22,'Electronics',1,50,50),(142,'02/02/23','CUST142','Male',35,'Electronics',4,300,1200),(143,'17/07/23','CUST143','Female',45,'Clothing',1,50,50),(144,'15/07/23','CUST144','Female',59,'Beauty',3,500,1500),(145,'02/11/23','CUST145','Female',39,'Clothing',3,25,75),(146,'28/08/23','CUST146','Male',38,'Clothing',4,50,200),(147,'28/09/23','CUST147','Male',23,'Electronics',1,300,300),(148,'09/05/23','CUST148','Male',18,'Clothing',2,30,60),(149,'11/10/23','CUST149','Male',22,'Clothing',3,25,75),(150,'06/01/23','CUST150','Female',58,'Electronics',4,30,120),(151,'15/12/23','CUST151','Male',29,'Clothing',1,50,50),(152,'28/02/23','CUST152','Male',43,'Electronics',4,500,2000),(153,'16/12/23','CUST153','Male',63,'Electronics',2,500,1000),(154,'02/10/23','CUST154','Male',51,'Electronics',3,300,900),(155,'17/05/23','CUST155','Male',31,'Electronics',4,500,2000),(156,'25/11/23','CUST156','Female',43,'Clothing',4,25,100),(157,'24/06/23','CUST157','Male',62,'Electronics',4,500,2000),(158,'27/02/23','CUST158','Female',44,'Electronics',2,300,600),(159,'31/05/23','CUST159','Male',26,'Clothing',4,50,200),(160,'11/08/23','CUST160','Female',43,'Clothing',2,50,100),(161,'22/03/23','CUST161','Male',64,'Beauty',2,500,1000),(162,'21/08/23','CUST162','Male',39,'Clothing',2,30,60),(163,'02/01/23','CUST163','Female',64,'Clothing',3,50,150),(164,'15/05/23','CUST164','Female',47,'Beauty',3,500,1500),(165,'14/09/23','CUST165','Female',60,'Clothing',4,300,1200),(166,'02/04/23','CUST166','Male',34,'Clothing',4,500,2000),(167,'17/09/23','CUST167','Female',43,'Clothing',3,50,150),(168,'24/02/23','CUST168','Male',53,'Clothing',1,300,300),(169,'17/11/23','CUST169','Male',18,'Beauty',3,500,1500),(170,'02/06/23','CUST170','Female',25,'Clothing',2,25,50),(171,'24/11/23','CUST171','Female',52,'Clothing',3,300,900),(172,'17/09/23','CUST172','Male',32,'Beauty',2,25,50),(173,'08/11/23','CUST173','Male',64,'Electronics',4,30,120),(174,'12/04/23','CUST174','Female',39,'Beauty',1,300,300),(175,'20/03/23','CUST175','Female',31,'Electronics',4,25,100),(176,'11/07/23','CUST176','Female',43,'Beauty',2,50,100),(177,'24/03/23','CUST177','Male',45,'Beauty',2,50,100),(178,'04/10/23','CUST178','Male',40,'Clothing',2,30,60),(179,'29/09/23','CUST179','Male',31,'Electronics',1,300,300),(180,'01/01/23','CUST180','Male',41,'Clothing',3,300,900),(181,'03/11/23','CUST181','Male',19,'Electronics',4,300,1200),(182,'15/06/23','CUST182','Male',62,'Beauty',4,30,120),(183,'08/09/23','CUST183','Female',43,'Beauty',3,300,900),(184,'10/01/23','CUST184','Male',31,'Electronics',4,50,200),(185,'27/02/23','CUST185','Male',24,'Clothing',1,25,25),(186,'05/07/23','CUST186','Male',20,'Clothing',4,50,200),(187,'07/06/23','CUST187','Female',64,'Clothing',2,50,100),(188,'03/05/23','CUST188','Male',40,'Clothing',3,25,75),(189,'30/01/23','CUST189','Male',63,'Beauty',1,50,50),(190,'04/05/23','CUST190','Female',60,'Beauty',3,30,90),(191,'18/10/23','CUST191','Male',64,'Beauty',1,25,25),(192,'10/02/23','CUST192','Male',62,'Beauty',2,50,100),(193,'13/02/23','CUST193','Male',35,'Beauty',3,500,1500),(194,'06/09/23','CUST194','Male',55,'Clothing',4,50,200),(195,'05/02/23','CUST195','Male',52,'Clothing',1,30,30),(196,'30/09/23','CUST196','Female',32,'Clothing',3,300,900),(197,'06/03/23','CUST197','Female',42,'Clothing',4,50,200),(198,'07/03/23','CUST198','Female',54,'Beauty',3,300,900),(199,'04/12/23','CUST199','Male',45,'Beauty',3,500,1500),(200,'01/09/23','CUST200','Male',27,'Beauty',3,50,150),(201,'09/10/23','CUST201','Male',56,'Electronics',1,25,25),(202,'26/03/23','CUST202','Female',34,'Clothing',4,300,1200),(203,'16/05/23','CUST203','Male',56,'Clothing',2,500,1000),(204,'28/09/23','CUST204','Male',39,'Beauty',1,25,25),(205,'07/11/23','CUST205','Female',43,'Clothing',1,25,25),(206,'05/08/23','CUST206','Male',61,'Clothing',1,25,25),(207,'19/04/23','CUST207','Female',42,'Beauty',2,25,50),(208,'04/10/23','CUST208','Female',34,'Electronics',4,50,200),(209,'20/12/23','CUST209','Female',30,'Electronics',4,50,200),(210,'13/04/23','CUST210','Male',37,'Electronics',4,50,200),(211,'01/01/24','CUST211','Male',42,'Beauty',3,500,1500),(212,'09/06/23','CUST212','Male',21,'Clothing',3,500,1500),(213,'24/07/23','CUST213','Male',27,'Beauty',3,500,1500),(214,'10/12/23','CUST214','Male',20,'Beauty',2,30,60),(215,'29/11/23','CUST215','Male',58,'Clothing',3,500,1500),(216,'11/07/23','CUST216','Male',62,'Electronics',2,50,100),(217,'13/08/23','CUST217','Female',35,'Electronics',4,50,200),(218,'22/09/23','CUST218','Male',64,'Beauty',3,30,90),(219,'20/08/23','CUST219','Female',53,'Electronics',3,30,90),(220,'03/03/23','CUST220','Male',64,'Beauty',1,500,500),(221,'07/05/23','CUST221','Male',39,'Beauty',2,300,600),(222,'26/04/23','CUST222','Male',51,'Clothing',4,30,120),(223,'02/02/23','CUST223','Female',64,'Clothing',1,25,25),(224,'23/06/23','CUST224','Female',25,'Clothing',1,50,50),(225,'11/01/23','CUST225','Female',57,'Beauty',4,25,100),(226,'29/10/23','CUST226','Female',61,'Clothing',1,50,50),(227,'11/10/23','CUST227','Male',36,'Electronics',2,50,100),(228,'28/04/23','CUST228','Female',59,'Electronics',2,30,60),(229,'29/10/23','CUST229','Male',58,'Beauty',3,30,90),(230,'23/04/23','CUST230','Male',54,'Beauty',1,25,25),(231,'04/01/23','CUST231','Female',23,'Clothing',3,50,150),(232,'06/02/23','CUST232','Female',43,'Beauty',1,25,25),(233,'29/12/23','CUST233','Female',51,'Beauty',2,300,600),(234,'20/11/23','CUST234','Female',62,'Electronics',2,25,50),(235,'31/01/23','CUST235','Female',23,'Electronics',2,500,1000),(236,'28/04/23','CUST236','Female',54,'Clothing',1,25,25),(237,'04/02/23','CUST237','Female',50,'Beauty',2,500,1000),(238,'17/01/23','CUST238','Female',39,'Beauty',1,500,500),(239,'19/06/23','CUST239','Male',38,'Electronics',3,500,1500),(240,'06/02/23','CUST240','Female',23,'Beauty',1,300,300),(241,'21/09/23','CUST241','Female',23,'Electronics',3,25,75),(242,'02/05/23','CUST242','Male',21,'Clothing',1,25,25),(243,'23/05/23','CUST243','Female',47,'Electronics',3,300,900),(244,'09/12/23','CUST244','Male',28,'Beauty',2,50,100),(245,'06/09/23','CUST245','Male',47,'Clothing',3,30,90),(246,'20/04/23','CUST246','Female',48,'Electronics',2,25,50),(247,'04/10/23','CUST247','Male',41,'Electronics',2,30,60),(248,'09/03/23','CUST248','Male',26,'Clothing',3,300,900),(249,'20/10/23','CUST249','Male',20,'Clothing',1,50,50),(250,'23/10/23','CUST250','Male',48,'Electronics',1,50,50),(251,'31/08/23','CUST251','Female',57,'Beauty',4,50,200),(252,'05/05/23','CUST252','Male',54,'Electronics',1,300,300),(253,'31/08/23','CUST253','Female',53,'Clothing',4,500,2000),(254,'28/07/23','CUST254','Male',41,'Electronics',1,500,500),(255,'08/04/23','CUST255','Male',48,'Clothing',1,30,30),(256,'18/02/23','CUST256','Male',23,'Clothing',2,500,1000),(257,'19/02/23','CUST257','Male',19,'Beauty',4,500,2000),(258,'04/12/23','CUST258','Female',37,'Clothing',1,50,50),(259,'09/08/23','CUST259','Female',45,'Clothing',4,50,200),(260,'01/07/23','CUST260','Male',28,'Beauty',2,30,60),(261,'05/08/23','CUST261','Male',21,'Clothing',2,25,50),(262,'30/07/23','CUST262','Female',32,'Beauty',4,30,120),(263,'28/08/23','CUST263','Male',23,'Beauty',2,30,60),(264,'28/01/23','CUST264','Male',47,'Clothing',3,300,900),(265,'11/12/23','CUST265','Male',55,'Clothing',3,300,900),(266,'01/12/23','CUST266','Female',19,'Electronics',2,30,60),(267,'27/11/23','CUST267','Female',32,'Beauty',3,30,90),(268,'20/02/23','CUST268','Female',28,'Electronics',1,30,30),(269,'01/02/23','CUST269','Male',25,'Clothing',4,500,2000),(270,'26/07/23','CUST270','Male',43,'Electronics',1,300,300),(271,'23/06/23','CUST271','Female',62,'Beauty',4,30,120),(272,'25/02/23','CUST272','Female',61,'Electronics',2,50,100),(273,'08/05/23','CUST273','Female',22,'Beauty',1,50,50),(274,'09/04/23','CUST274','Female',23,'Clothing',2,500,1000),(275,'08/04/23','CUST275','Male',43,'Clothing',2,500,1000),(276,'02/10/23','CUST276','Female',21,'Beauty',4,25,100),(277,'18/08/23','CUST277','Male',36,'Clothing',4,25,100),(278,'13/03/23','CUST278','Female',37,'Clothing',4,25,100),(279,'05/08/23','CUST279','Male',50,'Clothing',1,500,500),(280,'04/04/23','CUST280','Female',37,'Clothing',3,500,1500),(281,'23/05/23','CUST281','Female',29,'Beauty',4,500,2000),(282,'25/08/23','CUST282','Female',64,'Electronics',4,50,200),(283,'08/05/23','CUST283','Female',18,'Electronics',1,500,500),(284,'08/02/23','CUST284','Male',43,'Clothing',4,50,200),(285,'15/08/23','CUST285','Female',31,'Electronics',1,25,25),(286,'09/10/23','CUST286','Male',55,'Electronics',2,25,50),(287,'20/02/23','CUST287','Male',54,'Clothing',4,25,100),(288,'26/01/23','CUST288','Male',28,'Clothing',4,30,120),(289,'30/11/23','CUST289','Male',53,'Electronics',2,30,60),(290,'04/10/23','CUST290','Female',30,'Beauty',2,300,600),(291,'08/01/23','CUST291','Male',60,'Clothing',2,300,600),(292,'17/02/23','CUST292','Male',20,'Beauty',4,300,1200),(293,'02/05/23','CUST293','Male',50,'Electronics',3,30,90),(294,'27/03/23','CUST294','Female',23,'Clothing',3,30,90),(295,'28/07/23','CUST295','Female',27,'Beauty',3,300,900),(296,'06/09/23','CUST296','Female',22,'Clothing',4,300,1200),(297,'04/09/23','CUST297','Female',40,'Electronics',2,500,1000),(298,'20/04/23','CUST298','Male',27,'Beauty',4,300,1200),(299,'25/07/23','CUST299','Male',61,'Electronics',2,500,1000),(300,'31/01/23','CUST300','Female',19,'Electronics',4,50,200),(301,'26/03/23','CUST301','Male',30,'Clothing',4,30,120),(302,'14/07/23','CUST302','Male',57,'Beauty',2,300,600),(303,'02/01/23','CUST303','Male',19,'Electronics',3,30,90),(304,'19/07/23','CUST304','Female',37,'Electronics',2,30,60),(305,'16/05/23','CUST305','Female',18,'Beauty',1,30,30),(306,'21/08/23','CUST306','Male',54,'Electronics',1,50,50),(307,'27/05/23','CUST307','Female',26,'Electronics',2,25,50),(308,'05/08/23','CUST308','Female',34,'Beauty',4,300,1200),(309,'23/12/23','CUST309','Female',26,'Beauty',1,25,25),(310,'12/10/23','CUST310','Female',28,'Beauty',1,25,25),(311,'05/12/23','CUST311','Female',32,'Beauty',4,25,100),(312,'07/09/23','CUST312','Male',41,'Clothing',4,30,120),(313,'21/03/23','CUST313','Female',55,'Beauty',3,500,1500),(314,'08/04/23','CUST314','Male',52,'Clothing',4,30,120),(315,'01/06/23','CUST315','Male',47,'Clothing',2,30,60),(316,'22/04/23','CUST316','Female',48,'Clothing',2,25,50),(317,'30/01/23','CUST317','Male',22,'Electronics',3,30,90),(318,'24/10/23','CUST318','Male',61,'Clothing',1,25,25),(319,'05/10/23','CUST319','Male',31,'Clothing',1,500,500),(320,'01/02/23','CUST320','Female',28,'Electronics',4,300,1200),(321,'10/06/23','CUST321','Female',26,'Electronics',2,25,50),(322,'30/01/23','CUST322','Male',51,'Electronics',1,500,500),(323,'26/01/23','CUST323','Female',29,'Beauty',3,300,900),(324,'27/10/23','CUST324','Female',52,'Electronics',3,50,150),(325,'02/09/23','CUST325','Female',52,'Electronics',2,25,50),(326,'15/09/23','CUST326','Female',18,'Clothing',3,25,75),(327,'29/09/23','CUST327','Male',57,'Electronics',3,50,150),(328,'22/03/23','CUST328','Male',39,'Beauty',2,50,100),(329,'30/01/23','CUST329','Female',46,'Electronics',4,25,100),(330,'18/09/23','CUST330','Female',25,'Beauty',4,50,200),(331,'11/02/23','CUST331','Male',28,'Electronics',3,30,90),(332,'06/04/23','CUST332','Male',58,'Electronics',4,300,1200),(333,'05/02/23','CUST333','Female',54,'Electronics',4,300,1200),(334,'01/11/23','CUST334','Male',31,'Electronics',3,300,900),(335,'04/02/23','CUST335','Female',47,'Beauty',4,30,120),(336,'12/12/23','CUST336','Female',52,'Beauty',3,50,150),(337,'01/05/23','CUST337','Male',38,'Clothing',1,500,500),(338,'26/07/23','CUST338','Male',54,'Beauty',2,50,100),(339,'03/03/23','CUST339','Female',22,'Electronics',2,25,50),(340,'19/10/23','CUST340','Female',36,'Clothing',4,300,1200),(341,'07/05/23','CUST341','Male',31,'Clothing',4,50,200),(342,'24/10/23','CUST342','Female',43,'Clothing',4,500,2000),(343,'01/11/23','CUST343','Male',21,'Electronics',2,25,50),(344,'21/01/23','CUST344','Female',42,'Beauty',1,30,30),(345,'14/11/23','CUST345','Male',62,'Electronics',1,30,30),(346,'11/02/23','CUST346','Male',59,'Clothing',2,500,1000),(347,'03/08/23','CUST347','Male',42,'Electronics',1,25,25),(348,'03/12/23','CUST348','Female',35,'Electronics',2,300,600),(349,'26/10/23','CUST349','Female',57,'Beauty',1,50,50),(350,'17/10/23','CUST350','Male',25,'Beauty',3,25,75),(351,'25/09/23','CUST351','Female',56,'Clothing',3,30,90),(352,'11/06/23','CUST352','Male',57,'Electronics',2,500,1000),(353,'14/05/23','CUST353','Male',31,'Electronics',1,500,500),(354,'15/04/23','CUST354','Female',49,'Beauty',4,50,200),(355,'09/12/23','CUST355','Female',55,'Electronics',1,500,500),(356,'10/06/23','CUST356','Male',50,'Electronics',3,500,1500),(357,'03/05/23','CUST357','Female',40,'Electronics',3,25,75),(358,'16/05/23','CUST358','Female',32,'Beauty',1,300,300),(359,'22/07/23','CUST359','Male',50,'Clothing',1,50,50),(360,'09/03/23','CUST360','Male',42,'Clothing',4,25,100),(361,'10/12/23','CUST361','Female',34,'Electronics',4,300,1200),(362,'27/11/23','CUST362','Male',50,'Clothing',1,25,25),(363,'03/06/23','CUST363','Male',64,'Beauty',1,25,25),(364,'23/08/23','CUST364','Female',19,'Beauty',1,500,500),(365,'11/06/23','CUST365','Male',31,'Clothing',1,300,300),(366,'07/02/23','CUST366','Male',57,'Clothing',2,50,100),(367,'05/01/23','CUST367','Female',57,'Electronics',1,50,50),(368,'23/08/23','CUST368','Female',56,'Clothing',4,300,1200),(369,'15/11/23','CUST369','Male',23,'Electronics',3,500,1500),(370,'16/10/23','CUST370','Male',23,'Electronics',2,30,60),(371,'21/02/23','CUST371','Female',20,'Beauty',1,25,25),(372,'07/02/23','CUST372','Female',24,'Beauty',3,500,1500),(373,'03/10/23','CUST373','Female',25,'Beauty',2,300,600),(374,'20/04/23','CUST374','Female',59,'Beauty',3,25,75),(375,'17/09/23','CUST375','Male',32,'Clothing',1,50,50),(376,'16/05/23','CUST376','Female',64,'Beauty',1,30,30),(377,'09/03/23','CUST377','Female',46,'Clothing',4,50,200),(378,'28/06/23','CUST378','Male',50,'Beauty',1,300,300),(379,'05/02/23','CUST379','Female',47,'Clothing',1,25,25),(380,'06/05/23','CUST380','Male',56,'Electronics',2,300,600),(381,'09/07/23','CUST381','Female',44,'Clothing',4,25,100),(382,'26/05/23','CUST382','Female',53,'Clothing',2,500,1000),(383,'22/03/23','CUST383','Female',46,'Beauty',3,30,90),(384,'13/08/23','CUST384','Male',55,'Clothing',1,500,500),(385,'06/10/23','CUST385','Male',50,'Electronics',3,500,1500),(386,'27/12/23','CUST386','Female',54,'Electronics',2,300,600),(387,'04/06/23','CUST387','Male',44,'Beauty',1,30,30),(388,'10/11/23','CUST388','Male',50,'Electronics',1,25,25),(389,'01/12/23','CUST389','Male',21,'Clothing',2,25,50),(390,'28/09/23','CUST390','Male',39,'Electronics',2,50,100),(391,'05/01/23','CUST391','Male',19,'Beauty',2,25,50),(392,'08/12/23','CUST392','Male',27,'Clothing',2,300,600),(393,'11/10/23','CUST393','Female',22,'Beauty',2,500,1000),(394,'03/06/23','CUST394','Female',27,'Clothing',1,500,500),(395,'06/12/23','CUST395','Male',50,'Electronics',2,500,1000),(396,'23/02/23','CUST396','Female',55,'Beauty',1,30,30),(397,'10/03/23','CUST397','Female',30,'Beauty',1,25,25),(398,'16/05/23','CUST398','Female',48,'Clothing',2,300,600),(399,'01/03/23','CUST399','Female',64,'Beauty',2,30,60),(400,'24/02/23','CUST400','Male',53,'Clothing',4,50,200),(401,'11/10/23','CUST401','Female',62,'Clothing',1,300,300),(402,'21/03/23','CUST402','Female',41,'Clothing',2,300,600),(403,'20/05/23','CUST403','Male',32,'Clothing',2,300,600),(404,'25/05/23','CUST404','Male',46,'Electronics',2,500,1000),(405,'06/11/23','CUST405','Female',25,'Clothing',4,300,1200),(406,'18/04/23','CUST406','Female',22,'Beauty',4,25,100),(407,'25/06/23','CUST407','Female',46,'Electronics',3,300,900),(408,'15/04/23','CUST408','Female',64,'Beauty',1,500,500),(409,'18/12/23','CUST409','Female',21,'Electronics',3,300,900),(410,'21/11/23','CUST410','Female',29,'Clothing',2,50,100),(411,'16/05/23','CUST411','Male',62,'Electronics',4,50,200),(412,'16/09/23','CUST412','Female',19,'Electronics',4,500,2000),(413,'08/09/23','CUST413','Female',44,'Beauty',3,25,75),(414,'09/05/23','CUST414','Male',48,'Beauty',4,25,100),(415,'27/01/23','CUST415','Male',53,'Clothing',2,30,60),(416,'17/02/23','CUST416','Male',53,'Electronics',4,500,2000),(417,'21/11/23','CUST417','Male',43,'Electronics',3,300,900),(418,'05/08/23','CUST418','Female',60,'Electronics',2,500,1000),(419,'22/05/23','CUST419','Female',44,'Clothing',3,30,90),(420,'23/01/23','CUST420','Female',22,'Clothing',4,500,2000),(421,'02/01/23','CUST421','Female',37,'Clothing',3,500,1500),(422,'20/06/23','CUST422','Female',28,'Clothing',3,30,90),(423,'08/03/23','CUST423','Female',27,'Clothing',1,25,25),(424,'23/11/23','CUST424','Male',57,'Beauty',4,300,1200),(425,'15/05/23','CUST425','Female',55,'Electronics',4,30,120),(426,'24/03/23','CUST426','Male',23,'Electronics',3,50,150),(427,'15/08/23','CUST427','Male',25,'Electronics',1,25,25),(428,'10/10/23','CUST428','Female',40,'Electronics',4,50,200),(429,'28/12/23','CUST429','Male',64,'Electronics',2,25,50),(430,'07/08/23','CUST430','Female',43,'Electronics',3,300,900),(431,'15/10/23','CUST431','Male',63,'Electronics',4,300,1200),(432,'05/01/23','CUST432','Female',60,'Electronics',2,500,1000),(433,'27/02/23','CUST433','Male',29,'Beauty',4,50,200),(434,'08/02/23','CUST434','Female',43,'Electronics',2,25,50),(435,'20/12/23','CUST435','Female',30,'Beauty',3,300,900),(436,'18/03/23','CUST436','Female',57,'Clothing',4,30,120),(437,'07/10/23','CUST437','Female',35,'Electronics',4,300,1200),(438,'19/01/23','CUST438','Female',42,'Clothing',1,30,30),(439,'09/07/23','CUST439','Male',50,'Clothing',3,25,75),(440,'26/10/23','CUST440','Male',64,'Clothing',2,300,600),(441,'10/10/23','CUST441','Male',57,'Beauty',4,300,1200),(442,'17/03/23','CUST442','Female',60,'Clothing',4,25,100),(443,'09/08/23','CUST443','Male',29,'Clothing',2,300,600),(444,'07/03/23','CUST444','Female',61,'Clothing',3,30,90),(445,'22/01/23','CUST445','Female',53,'Electronics',1,300,300),(446,'07/06/23','CUST446','Male',21,'Electronics',1,50,50),(447,'06/07/23','CUST447','Male',22,'Beauty',4,500,2000),(448,'21/01/23','CUST448','Female',54,'Beauty',2,30,60),(449,'03/07/23','CUST449','Male',25,'Electronics',4,50,200),(450,'18/04/23','CUST450','Female',59,'Beauty',2,25,50),(451,'16/12/23','CUST451','Female',45,'Electronics',1,30,30),(452,'08/05/23','CUST452','Female',48,'Clothing',3,500,1500),(453,'08/12/23','CUST453','Female',26,'Clothing',2,500,1000),(454,'22/02/23','CUST454','Female',46,'Beauty',1,25,25),(455,'01/07/23','CUST455','Male',31,'Electronics',4,25,100),(456,'14/10/23','CUST456','Male',57,'Electronics',2,30,60),(457,'28/07/23','CUST457','Female',58,'Beauty',3,300,900),(458,'14/11/23','CUST458','Female',39,'Electronics',4,25,100),(459,'21/03/23','CUST459','Male',28,'Clothing',4,300,1200),(460,'02/05/23','CUST460','Male',40,'Beauty',1,50,50),(461,'25/03/23','CUST461','Female',18,'Beauty',2,500,1000),(462,'01/04/23','CUST462','Male',63,'Electronics',4,300,1200),(463,'31/07/23','CUST463','Female',54,'Beauty',3,500,1500),(464,'13/01/23','CUST464','Male',38,'Electronics',2,300,600),(465,'02/04/23','CUST465','Female',43,'Electronics',3,50,150),(466,'20/06/23','CUST466','Male',63,'Electronics',4,25,100),(467,'30/07/23','CUST467','Female',53,'Electronics',3,50,150),(468,'09/12/23','CUST468','Male',40,'Electronics',1,25,25),(469,'08/05/23','CUST469','Male',18,'Beauty',3,25,75),(470,'17/05/23','CUST470','Female',57,'Clothing',2,500,1000),(471,'23/03/23','CUST471','Male',32,'Clothing',3,50,150),(472,'26/12/23','CUST472','Female',38,'Beauty',3,300,900),(473,'25/02/23','CUST473','Male',64,'Beauty',1,50,50),(474,'15/07/23','CUST474','Female',26,'Clothing',3,500,1500),(475,'20/01/23','CUST475','Male',26,'Clothing',3,25,75),(476,'29/08/23','CUST476','Female',27,'Clothing',4,500,2000),(477,'24/04/23','CUST477','Male',43,'Clothing',4,30,120),(478,'13/04/23','CUST478','Female',58,'Clothing',2,30,60),(479,'24/08/23','CUST479','Male',52,'Electronics',4,300,1200),(480,'29/06/23','CUST480','Female',42,'Beauty',4,500,2000),(481,'06/06/23','CUST481','Female',43,'Electronics',4,300,1200),(482,'27/04/23','CUST482','Female',28,'Clothing',4,300,1200),(483,'25/04/23','CUST483','Male',55,'Clothing',1,30,30),(484,'13/01/23','CUST484','Female',19,'Clothing',4,300,1200),(485,'04/12/23','CUST485','Male',24,'Electronics',1,30,30),(486,'09/04/23','CUST486','Female',35,'Electronics',1,25,25),(487,'24/07/23','CUST487','Male',44,'Clothing',4,500,2000),(488,'18/06/23','CUST488','Female',51,'Electronics',3,300,900),(489,'23/05/23','CUST489','Male',44,'Electronics',1,30,30),(490,'05/02/23','CUST490','Male',34,'Clothing',3,50,150),(491,'23/05/23','CUST491','Female',60,'Electronics',3,300,900),(492,'29/06/23','CUST492','Male',61,'Beauty',4,25,100),(493,'25/11/23','CUST493','Male',41,'Beauty',2,25,50),(494,'18/09/23','CUST494','Female',42,'Beauty',4,50,200),(495,'24/07/23','CUST495','Male',24,'Beauty',2,30,60),(496,'14/12/23','CUST496','Male',23,'Clothing',2,300,600),(497,'02/10/23','CUST497','Male',41,'Clothing',4,30,120),(498,'19/06/23','CUST498','Female',50,'Clothing',4,25,100),(499,'15/01/23','CUST499','Male',46,'Beauty',2,30,60),(500,'01/03/23','CUST500','Female',60,'Beauty',4,25,100),(501,'14/05/23','CUST501','Male',39,'Electronics',2,30,60),(502,'02/04/23','CUST502','Male',43,'Electronics',3,50,150),(503,'25/10/23','CUST503','Male',45,'Beauty',4,500,2000),(504,'16/05/23','CUST504','Female',38,'Beauty',3,50,150),(505,'20/01/23','CUST505','Male',24,'Beauty',1,50,50),(506,'25/02/23','CUST506','Male',34,'Beauty',3,500,1500),(507,'02/11/23','CUST507','Female',37,'Electronics',3,500,1500),(508,'11/08/23','CUST508','Male',58,'Beauty',2,300,600),(509,'26/06/23','CUST509','Female',37,'Electronics',3,300,900),(510,'10/06/23','CUST510','Female',39,'Beauty',4,50,200),(511,'12/08/23','CUST511','Male',45,'Beauty',2,50,100),(512,'07/11/23','CUST512','Female',57,'Beauty',1,25,25),(513,'19/09/23','CUST513','Male',24,'Electronics',4,25,100),(514,'01/03/23','CUST514','Female',18,'Electronics',1,300,300),(515,'17/07/23','CUST515','Female',49,'Clothing',3,300,900),(516,'23/10/23','CUST516','Male',30,'Beauty',4,25,100),(517,'08/04/23','CUST517','Female',47,'Clothing',4,25,100),(518,'11/05/23','CUST518','Female',40,'Clothing',1,30,30),(519,'23/01/23','CUST519','Female',36,'Electronics',4,30,120),(520,'29/12/23','CUST520','Female',49,'Electronics',4,25,100),(521,'12/08/23','CUST521','Female',47,'Clothing',4,30,120),(522,'01/01/23','CUST522','Male',46,'Beauty',3,500,1500),(523,'24/09/23','CUST523','Female',62,'Electronics',1,300,300),(524,'03/10/23','CUST524','Male',46,'Beauty',4,300,1200),(525,'18/12/23','CUST525','Female',47,'Beauty',2,25,50),(526,'10/12/23','CUST526','Male',33,'Clothing',2,50,100),(527,'11/04/23','CUST527','Male',57,'Clothing',2,25,50),(528,'06/07/23','CUST528','Female',36,'Clothing',2,30,60),(529,'09/08/23','CUST529','Female',35,'Clothing',3,50,150),(530,'05/02/23','CUST530','Female',18,'Electronics',4,30,120),(531,'07/12/23','CUST531','Male',31,'Electronics',1,500,500),(532,'19/06/23','CUST532','Female',64,'Clothing',4,30,120),(533,'16/11/23','CUST533','Male',19,'Electronics',3,500,1500),(534,'10/06/23','CUST534','Male',45,'Clothing',2,500,1000),(535,'06/12/23','CUST535','Male',47,'Beauty',3,30,90),(536,'05/03/23','CUST536','Female',55,'Beauty',4,30,120),(537,'03/06/23','CUST537','Female',21,'Beauty',1,500,500),(538,'17/09/23','CUST538','Male',18,'Clothing',3,50,150),(539,'08/06/23','CUST539','Male',25,'Beauty',1,500,500),(540,'08/12/23','CUST540','Female',46,'Electronics',3,300,900),(541,'29/07/23','CUST541','Male',56,'Beauty',1,500,500),(542,'17/06/23','CUST542','Female',20,'Beauty',1,50,50),(543,'26/07/23','CUST543','Male',49,'Beauty',2,300,600),(544,'23/12/23','CUST544','Female',27,'Electronics',1,25,25),(545,'01/06/23','CUST545','Male',27,'Clothing',2,25,50),(546,'11/10/23','CUST546','Female',36,'Electronics',4,50,200),(547,'07/03/23','CUST547','Male',63,'Clothing',4,500,2000),(548,'09/04/23','CUST548','Female',51,'Clothing',2,30,60),(549,'04/08/23','CUST549','Female',50,'Beauty',2,50,100),(550,'07/12/23','CUST550','Male',40,'Clothing',3,300,900),(551,'14/07/23','CUST551','Male',45,'Electronics',3,300,900),(552,'13/12/23','CUST552','Female',49,'Electronics',3,25,75),(553,'31/03/23','CUST553','Male',24,'Clothing',4,300,1200),(554,'12/11/23','CUST554','Female',46,'Beauty',3,50,150),(555,'19/10/23','CUST555','Male',25,'Beauty',1,300,300),(556,'04/06/23','CUST556','Female',18,'Electronics',1,50,50),(557,'27/07/23','CUST557','Female',20,'Beauty',3,30,90),(558,'08/10/23','CUST558','Female',41,'Clothing',1,25,25),(559,'01/01/23','CUST559','Female',40,'Clothing',4,300,1200),(560,'05/06/23','CUST560','Female',25,'Electronics',1,50,50),(561,'27/05/23','CUST561','Female',64,'Clothing',4,500,2000),(562,'18/04/23','CUST562','Male',54,'Electronics',2,25,50),(563,'09/08/23','CUST563','Male',20,'Clothing',2,30,60),(564,'24/10/23','CUST564','Male',50,'Electronics',2,50,100),(565,'07/11/23','CUST565','Female',45,'Beauty',2,30,60),(566,'02/12/23','CUST566','Female',64,'Clothing',1,30,30),(567,'14/06/23','CUST567','Female',25,'Clothing',3,300,900),(568,'27/08/23','CUST568','Female',51,'Electronics',1,300,300),(569,'15/08/23','CUST569','Male',52,'Electronics',4,50,200),(570,'15/08/23','CUST570','Male',49,'Clothing',1,500,500),(571,'12/12/23','CUST571','Female',41,'Electronics',1,50,50),(572,'20/04/23','CUST572','Male',31,'Clothing',4,500,2000),(573,'19/09/23','CUST573','Male',49,'Beauty',2,30,60),(574,'31/08/23','CUST574','Female',63,'Electronics',2,25,50),(575,'28/03/23','CUST575','Male',60,'Clothing',2,50,100),(576,'04/12/23','CUST576','Female',33,'Beauty',3,50,150),(577,'13/02/23','CUST577','Male',21,'Beauty',4,500,2000),(578,'26/05/23','CUST578','Female',54,'Clothing',4,30,120),(579,'21/09/23','CUST579','Female',38,'Electronics',1,30,30),(580,'06/12/23','CUST580','Female',31,'Clothing',3,500,1500),(581,'21/11/23','CUST581','Female',48,'Beauty',2,30,60),(582,'14/11/23','CUST582','Male',35,'Clothing',3,300,900),(583,'21/06/23','CUST583','Female',24,'Electronics',4,25,100),(584,'17/02/23','CUST584','Female',27,'Beauty',4,50,200),(585,'01/05/23','CUST585','Female',24,'Clothing',1,25,25),(586,'11/12/23','CUST586','Male',50,'Electronics',1,50,50),(587,'08/06/23','CUST587','Female',40,'Beauty',4,300,1200),(588,'26/04/23','CUST588','Male',38,'Electronics',2,30,60),(589,'12/04/23','CUST589','Female',36,'Beauty',2,500,1000),(590,'17/03/23','CUST590','Male',36,'Clothing',3,300,900),(591,'13/01/23','CUST591','Male',53,'Electronics',4,25,100),(592,'24/01/23','CUST592','Female',46,'Beauty',4,500,2000),(593,'06/05/23','CUST593','Male',35,'Electronics',2,30,60),(594,'01/09/23','CUST594','Female',19,'Electronics',2,300,600),(595,'09/11/23','CUST595','Female',18,'Clothing',4,500,2000),(596,'07/02/23','CUST596','Female',64,'Electronics',1,300,300),(597,'22/08/23','CUST597','Male',22,'Beauty',4,300,1200),(598,'01/08/23','CUST598','Male',37,'Beauty',4,30,120),(599,'19/11/23','CUST599','Female',28,'Beauty',2,50,100),(600,'22/10/23','CUST600','Female',59,'Beauty',2,500,1000),(601,'10/04/23','CUST601','Male',19,'Clothing',1,30,30),(602,'23/12/23','CUST602','Female',20,'Electronics',1,300,300),(603,'16/07/23','CUST603','Female',40,'Clothing',3,30,90),(604,'11/09/23','CUST604','Female',29,'Electronics',4,50,200),(605,'24/07/23','CUST605','Male',37,'Electronics',2,500,1000),(606,'05/05/23','CUST606','Male',22,'Electronics',1,50,50),(607,'17/03/23','CUST607','Male',54,'Clothing',3,25,75),(608,'02/12/23','CUST608','Female',55,'Electronics',3,500,1500),(609,'19/12/23','CUST609','Female',47,'Clothing',2,50,100),(610,'03/01/23','CUST610','Female',26,'Beauty',2,300,600),(611,'24/02/23','CUST611','Male',51,'Beauty',3,500,1500),(612,'06/08/23','CUST612','Female',61,'Electronics',1,500,500),(613,'23/04/23','CUST613','Female',52,'Clothing',3,30,90),(614,'01/04/23','CUST614','Female',39,'Beauty',4,300,1200),(615,'23/12/23','CUST615','Female',61,'Clothing',4,25,100),(616,'23/09/23','CUST616','Male',41,'Clothing',2,50,100),(617,'26/08/23','CUST617','Male',34,'Electronics',1,30,30),(618,'26/01/23','CUST618','Female',27,'Beauty',1,50,50),(619,'13/10/23','CUST619','Male',47,'Electronics',4,25,100),(620,'08/05/23','CUST620','Male',63,'Electronics',3,25,75),(621,'04/03/23','CUST621','Female',40,'Beauty',2,500,1000),(622,'22/08/23','CUST622','Female',49,'Beauty',3,25,75),(623,'10/03/23','CUST623','Male',34,'Clothing',3,50,150),(624,'26/08/23','CUST624','Female',34,'Beauty',3,300,900),(625,'08/12/23','CUST625','Male',31,'Clothing',1,300,300),(626,'29/09/23','CUST626','Female',26,'Clothing',4,500,2000),(627,'14/10/23','CUST627','Male',57,'Clothing',1,50,50),(628,'01/11/23','CUST628','Female',19,'Beauty',4,50,200),(629,'12/06/23','CUST629','Male',62,'Electronics',2,25,50),(630,'15/08/23','CUST630','Male',42,'Clothing',2,50,100),(631,'10/11/23','CUST631','Male',56,'Electronics',3,30,90),(632,'16/09/23','CUST632','Female',26,'Electronics',4,25,100),(633,'07/08/23','CUST633','Male',39,'Beauty',4,30,120),(634,'08/10/23','CUST634','Male',60,'Electronics',4,500,2000),(635,'17/08/23','CUST635','Female',63,'Electronics',3,300,900),(636,'23/03/23','CUST636','Female',21,'Beauty',3,500,1500),(637,'01/09/23','CUST637','Male',43,'Clothing',2,300,600),(638,'19/08/23','CUST638','Male',46,'Electronics',1,500,500),(639,'13/05/23','CUST639','Female',62,'Beauty',4,50,200),(640,'07/05/23','CUST640','Female',51,'Electronics',4,30,120),(641,'23/11/23','CUST641','Female',40,'Electronics',1,300,300),(642,'22/05/23','CUST642','Female',54,'Clothing',4,25,100),(643,'24/09/23','CUST643','Female',28,'Electronics',3,30,90),(644,'06/09/23','CUST644','Male',23,'Beauty',3,25,75),(645,'17/11/23','CUST645','Female',35,'Electronics',4,30,120),(646,'03/05/23','CUST646','Male',38,'Clothing',3,30,90),(647,'21/05/23','CUST647','Male',59,'Clothing',3,500,1500),(648,'14/08/23','CUST648','Male',53,'Beauty',4,300,1200),(649,'09/02/23','CUST649','Female',58,'Clothing',2,300,600),(650,'01/01/24','CUST650','Male',55,'Electronics',1,30,30),(651,'27/05/23','CUST651','Male',51,'Clothing',3,50,150),(652,'01/05/23','CUST652','Female',34,'Beauty',2,50,100),(653,'20/05/23','CUST653','Male',54,'Clothing',3,25,75),(654,'21/06/23','CUST654','Male',42,'Clothing',3,25,75),(655,'13/06/23','CUST655','Female',55,'Clothing',1,500,500),(656,'04/10/23','CUST656','Male',29,'Beauty',3,30,90),(657,'11/02/23','CUST657','Male',40,'Clothing',1,25,25),(658,'12/03/23','CUST658','Male',59,'Clothing',1,25,25),(659,'19/03/23','CUST659','Female',39,'Electronics',1,30,30),(660,'29/04/23','CUST660','Female',38,'Beauty',2,500,1000),(661,'16/07/23','CUST661','Female',44,'Clothing',4,25,100),(662,'22/12/23','CUST662','Male',48,'Beauty',2,500,1000),(663,'20/03/23','CUST663','Male',23,'Clothing',4,300,1200),(664,'28/12/23','CUST664','Female',44,'Clothing',4,500,2000),(665,'20/04/23','CUST665','Male',57,'Clothing',1,50,50),(666,'02/02/23','CUST666','Male',51,'Electronics',3,50,150),(667,'01/08/23','CUST667','Female',29,'Electronics',1,500,500),(668,'28/07/23','CUST668','Female',62,'Electronics',3,50,150),(669,'19/06/23','CUST669','Male',24,'Beauty',4,300,1200),(670,'05/10/23','CUST670','Male',27,'Beauty',1,30,30),(671,'27/08/23','CUST671','Male',62,'Electronics',3,50,150),(672,'01/08/23','CUST672','Female',34,'Beauty',2,50,100),(673,'01/02/23','CUST673','Female',43,'Clothing',3,500,1500),(674,'16/04/23','CUST674','Female',38,'Clothing',1,300,300),(675,'04/08/23','CUST675','Female',45,'Clothing',2,30,60),(676,'19/07/23','CUST676','Male',63,'Electronics',3,500,1500),(677,'27/10/23','CUST677','Female',19,'Beauty',3,500,1500),(678,'23/12/23','CUST678','Female',60,'Electronics',3,300,900),(679,'11/01/23','CUST679','Female',18,'Beauty',3,30,90),(680,'22/10/23','CUST680','Female',53,'Clothing',3,300,900),(681,'14/07/23','CUST681','Female',43,'Electronics',2,30,60),(682,'02/09/23','CUST682','Male',46,'Beauty',4,300,1200),(683,'04/01/23','CUST683','Male',38,'Beauty',2,500,1000),(684,'30/06/23','CUST684','Female',28,'Clothing',2,500,1000),(685,'02/06/23','CUST685','Male',57,'Electronics',2,25,50),(686,'19/07/23','CUST686','Female',28,'Electronics',4,50,200),(687,'03/08/23','CUST687','Female',53,'Electronics',1,300,300),(688,'03/10/23','CUST688','Male',56,'Clothing',4,25,100),(689,'07/10/23','CUST689','Male',57,'Electronics',2,50,100),(690,'05/11/23','CUST690','Female',52,'Clothing',3,300,900),(691,'23/04/23','CUST691','Female',51,'Clothing',3,30,90),(692,'07/09/23','CUST692','Female',64,'Clothing',2,50,100),(693,'23/04/23','CUST693','Male',41,'Beauty',3,500,1500),(694,'20/05/23','CUST694','Female',39,'Electronics',2,25,50),(695,'12/08/23','CUST695','Female',22,'Electronics',3,50,150),(696,'06/09/23','CUST696','Female',50,'Clothing',4,50,200),(697,'15/01/23','CUST697','Male',53,'Clothing',1,500,500),(698,'19/07/23','CUST698','Female',64,'Electronics',1,300,300),(699,'22/06/23','CUST699','Female',37,'Clothing',4,30,120),(700,'09/12/23','CUST700','Male',36,'Electronics',4,500,2000),(701,'14/12/23','CUST701','Female',52,'Beauty',2,30,60),(702,'27/07/23','CUST702','Female',60,'Clothing',2,300,600),(703,'26/03/23','CUST703','Male',34,'Electronics',2,50,100),(704,'28/08/23','CUST704','Female',62,'Clothing',3,30,90),(705,'07/03/23','CUST705','Male',60,'Electronics',2,25,50),(706,'15/11/23','CUST706','Male',51,'Electronics',4,25,100),(707,'01/10/23','CUST707','Female',26,'Clothing',1,500,500),(708,'14/01/23','CUST708','Female',43,'Beauty',3,300,900),(709,'21/07/23','CUST709','Female',19,'Electronics',2,500,1000),(710,'31/10/23','CUST710','Female',26,'Electronics',3,500,1500),(711,'16/10/23','CUST711','Male',26,'Electronics',3,500,1500),(712,'06/12/23','CUST712','Female',57,'Beauty',2,25,50),(713,'14/01/23','CUST713','Male',34,'Beauty',3,25,75),(714,'12/02/23','CUST714','Female',18,'Clothing',1,500,500),(715,'26/11/23','CUST715','Female',42,'Beauty',4,25,100),(716,'08/08/23','CUST716','Female',60,'Clothing',4,300,1200),(717,'11/03/23','CUST717','Male',57,'Clothing',1,500,500),(718,'25/08/23','CUST718','Female',59,'Beauty',3,25,75),(719,'04/04/23','CUST719','Female',42,'Clothing',2,30,60),(720,'26/01/23','CUST720','Female',56,'Beauty',3,500,1500),(721,'14/05/23','CUST721','Female',52,'Clothing',1,500,500),(722,'14/07/23','CUST722','Male',20,'Beauty',3,300,900),(723,'17/06/23','CUST723','Female',54,'Beauty',4,50,200),(724,'19/04/23','CUST724','Male',61,'Clothing',3,50,150),(725,'21/08/23','CUST725','Male',61,'Electronics',1,300,300),(726,'17/06/23','CUST726','Male',47,'Clothing',4,300,1200),(727,'22/06/23','CUST727','Male',55,'Beauty',3,300,900),(728,'14/07/23','CUST728','Male',51,'Electronics',3,50,150),(729,'23/05/23','CUST729','Male',29,'Clothing',4,300,1200),(730,'04/08/23','CUST730','Female',36,'Clothing',2,25,50),(731,'10/05/23','CUST731','Male',54,'Clothing',4,500,2000),(732,'11/02/23','CUST732','Male',61,'Electronics',2,500,1000),(733,'29/08/23','CUST733','Male',34,'Beauty',1,30,30),(734,'10/01/23','CUST734','Female',27,'Clothing',1,30,30),(735,'04/10/23','CUST735','Female',64,'Clothing',4,500,2000),(736,'27/01/23','CUST736','Male',29,'Clothing',4,25,100),(737,'29/06/23','CUST737','Female',33,'Clothing',1,50,50),(738,'25/04/23','CUST738','Male',41,'Clothing',2,50,100),(739,'29/11/23','CUST739','Male',36,'Beauty',1,25,25),(740,'05/02/23','CUST740','Female',25,'Beauty',4,50,200),(741,'30/11/23','CUST741','Male',48,'Clothing',1,300,300),(742,'21/01/23','CUST742','Female',38,'Electronics',4,500,2000),(743,'16/01/23','CUST743','Female',34,'Beauty',4,500,2000),(744,'07/05/23','CUST744','Male',40,'Electronics',1,25,25),(745,'13/04/23','CUST745','Male',54,'Beauty',2,50,100),(746,'11/01/23','CUST746','Female',33,'Clothing',3,30,90),(747,'15/11/23','CUST747','Male',23,'Beauty',1,30,30),(748,'20/03/23','CUST748','Male',25,'Clothing',3,50,150),(749,'03/05/23','CUST749','Male',42,'Beauty',1,30,30),(750,'06/03/23','CUST750','Female',35,'Clothing',3,25,75),(751,'31/08/23','CUST751','Female',42,'Clothing',2,25,50),(752,'09/12/23','CUST752','Male',29,'Clothing',2,50,100),(753,'28/02/23','CUST753','Female',32,'Clothing',1,30,30),(754,'16/10/23','CUST754','Female',43,'Electronics',4,25,100),(755,'22/04/23','CUST755','Female',58,'Clothing',3,25,75),(756,'27/08/23','CUST756','Female',62,'Electronics',4,300,1200),(757,'25/12/23','CUST757','Female',43,'Electronics',4,300,1200),(758,'12/05/23','CUST758','Male',64,'Clothing',4,25,100),(759,'08/07/23','CUST759','Male',49,'Electronics',2,50,100),(760,'27/03/23','CUST760','Male',27,'Beauty',1,500,500),(761,'07/11/23','CUST761','Female',33,'Clothing',1,500,500),(762,'07/11/23','CUST762','Female',24,'Electronics',2,25,50),(763,'28/02/23','CUST763','Male',34,'Clothing',2,25,50),(764,'25/03/23','CUST764','Female',40,'Clothing',1,25,25),(765,'09/06/23','CUST765','Male',43,'Clothing',4,50,200),(766,'25/02/23','CUST766','Male',38,'Electronics',3,300,900),(767,'24/10/23','CUST767','Male',39,'Beauty',3,25,75),(768,'14/01/23','CUST768','Female',24,'Beauty',3,25,75),(769,'09/06/23','CUST769','Female',31,'Electronics',4,30,120),(770,'22/10/23','CUST770','Male',32,'Clothing',1,50,50),(771,'13/12/23','CUST771','Male',24,'Electronics',2,25,50),(772,'12/07/23','CUST772','Male',26,'Electronics',1,30,30),(773,'23/07/23','CUST773','Male',25,'Electronics',4,500,2000),(774,'12/04/23','CUST774','Female',40,'Clothing',2,25,50),(775,'08/02/23','CUST775','Female',46,'Electronics',4,25,100),(776,'31/10/23','CUST776','Male',35,'Clothing',3,30,90),(777,'20/12/23','CUST777','Male',48,'Electronics',3,50,150),(778,'18/11/23','CUST778','Female',47,'Beauty',4,25,100),(779,'05/05/23','CUST779','Female',56,'Electronics',2,500,1000),(780,'22/02/23','CUST780','Male',52,'Electronics',2,25,50),(781,'23/12/23','CUST781','Male',35,'Beauty',1,500,500),(782,'04/06/23','CUST782','Male',59,'Clothing',3,300,900),(783,'17/12/23','CUST783','Female',56,'Clothing',1,300,300),(784,'04/11/23','CUST784','Female',34,'Electronics',1,500,500),(785,'03/03/23','CUST785','Female',31,'Beauty',4,50,200),(786,'17/10/23','CUST786','Male',48,'Clothing',4,25,100),(787,'22/01/23','CUST787','Male',41,'Electronics',1,25,25),(788,'27/06/23','CUST788','Female',52,'Beauty',3,300,900),(789,'30/09/23','CUST789','Female',61,'Clothing',4,500,2000),(790,'08/08/23','CUST790','Male',62,'Clothing',1,25,25),(791,'05/12/23','CUST791','Female',51,'Beauty',1,25,25),(792,'09/07/23','CUST792','Female',20,'Beauty',1,50,50),(793,'05/02/23','CUST793','Male',54,'Beauty',1,30,30),(794,'17/09/23','CUST794','Female',60,'Beauty',1,300,300),(795,'28/11/23','CUST795','Male',57,'Electronics',1,300,300),(796,'24/06/23','CUST796','Male',43,'Beauty',4,30,120),(797,'07/01/23','CUST797','Male',40,'Clothing',3,25,75),(798,'04/08/23','CUST798','Male',61,'Clothing',1,50,50),(799,'08/09/23','CUST799','Male',56,'Electronics',2,50,100),(800,'24/02/23','CUST800','Male',32,'Clothing',4,300,1200),(801,'10/08/23','CUST801','Male',21,'Clothing',4,50,200),(802,'05/07/23','CUST802','Female',46,'Beauty',1,30,30),(803,'22/11/23','CUST803','Male',39,'Clothing',4,25,100),(804,'24/08/23','CUST804','Male',42,'Electronics',1,30,30),(805,'29/12/23','CUST805','Female',30,'Beauty',3,500,1500),(806,'20/03/23','CUST806','Female',35,'Beauty',3,300,900),(807,'11/08/23','CUST807','Female',50,'Electronics',4,50,200),(808,'01/04/23','CUST808','Male',33,'Beauty',4,500,2000),(809,'25/09/23','CUST809','Female',62,'Beauty',2,50,100),(810,'30/11/23','CUST810','Male',59,'Electronics',4,25,100),(811,'19/05/23','CUST811','Male',61,'Beauty',2,25,50),(812,'12/11/23','CUST812','Male',19,'Electronics',3,25,75),(813,'03/10/23','CUST813','Male',52,'Electronics',3,50,150),(814,'05/09/23','CUST814','Female',59,'Clothing',1,500,500),(815,'27/08/23','CUST815','Female',51,'Clothing',3,25,75),(816,'12/08/23','CUST816','Male',47,'Beauty',2,500,1000),(817,'31/10/23','CUST817','Male',30,'Beauty',4,50,200),(818,'18/05/23','CUST818','Male',30,'Electronics',1,500,500),(819,'15/06/23','CUST819','Female',35,'Beauty',2,50,100),(820,'06/05/23','CUST820','Male',49,'Electronics',4,50,200),(821,'14/02/23','CUST821','Male',49,'Electronics',1,300,300),(822,'23/05/23','CUST822','Female',52,'Beauty',3,50,150),(823,'19/08/23','CUST823','Female',56,'Electronics',2,50,100),(824,'05/05/23','CUST824','Male',63,'Clothing',4,30,120),(825,'26/08/23','CUST825','Female',46,'Beauty',1,25,25),(826,'19/10/23','CUST826','Female',46,'Clothing',1,300,300),(827,'09/11/23','CUST827','Male',61,'Beauty',3,300,900),(828,'09/12/23','CUST828','Female',33,'Electronics',4,300,1200),(829,'14/07/23','CUST829','Male',61,'Beauty',3,30,90),(830,'22/06/23','CUST830','Female',64,'Clothing',3,50,150),(831,'15/01/23','CUST831','Male',27,'Electronics',4,25,100),(832,'11/09/23','CUST832','Male',47,'Beauty',4,500,2000),(833,'16/06/23','CUST833','Male',42,'Beauty',4,50,200),(834,'04/04/23','CUST834','Female',56,'Beauty',2,30,60),(835,'07/09/23','CUST835','Male',37,'Clothing',4,50,200),(836,'19/04/23','CUST836','Female',22,'Clothing',1,50,50),(837,'01/07/23','CUST837','Male',18,'Beauty',3,30,90),(838,'13/05/23','CUST838','Male',47,'Electronics',2,300,600),(839,'24/06/23','CUST839','Female',20,'Electronics',4,300,1200),(840,'24/05/23','CUST840','Male',62,'Clothing',2,25,50),(841,'02/11/23','CUST841','Male',31,'Electronics',4,25,100),(842,'26/12/23','CUST842','Female',47,'Clothing',2,300,600),(843,'22/05/23','CUST843','Male',21,'Beauty',3,500,1500),(844,'12/10/23','CUST844','Male',35,'Clothing',3,50,150),(845,'06/01/23','CUST845','Male',54,'Clothing',1,500,500),(846,'22/09/23','CUST846','Male',42,'Beauty',1,50,50),(847,'08/04/23','CUST847','Female',18,'Electronics',4,300,1200),(848,'13/02/23','CUST848','Female',63,'Clothing',3,25,75),(849,'04/05/23','CUST849','Male',32,'Clothing',2,25,50),(850,'28/07/23','CUST850','Female',26,'Beauty',2,500,1000),(851,'08/09/23','CUST851','Male',32,'Electronics',2,25,50),(852,'12/10/23','CUST852','Female',41,'Clothing',1,300,300),(853,'04/05/23','CUST853','Male',21,'Beauty',2,500,1000),(854,'20/12/23','CUST854','Male',29,'Clothing',1,50,50),(855,'01/09/23','CUST855','Male',54,'Beauty',1,25,25),(856,'27/11/23','CUST856','Male',54,'Electronics',4,30,120),(857,'31/12/23','CUST857','Male',60,'Electronics',2,25,50),(858,'09/09/23','CUST858','Male',23,'Electronics',2,50,100),(859,'18/08/23','CUST859','Female',56,'Electronics',3,500,1500),(860,'09/01/23','CUST860','Male',63,'Clothing',4,50,200),(861,'17/02/23','CUST861','Female',41,'Clothing',3,30,90),(862,'31/05/23','CUST862','Male',28,'Electronics',4,300,1200),(863,'24/04/23','CUST863','Female',30,'Electronics',2,25,50),(864,'27/07/23','CUST864','Female',51,'Electronics',1,500,500),(865,'21/12/23','CUST865','Female',42,'Clothing',1,300,300),(866,'05/05/23','CUST866','Male',24,'Electronics',1,50,50),(867,'06/06/23','CUST867','Male',21,'Electronics',1,500,500),(868,'06/12/23','CUST868','Female',25,'Electronics',1,300,300),(869,'25/10/23','CUST869','Male',37,'Beauty',3,500,1500),(870,'08/07/23','CUST870','Female',46,'Electronics',4,30,120),(871,'31/08/23','CUST871','Male',62,'Beauty',2,30,60),(872,'11/10/23','CUST872','Female',63,'Beauty',3,25,75),(873,'29/09/23','CUST873','Female',27,'Electronics',4,25,100),(874,'26/06/23','CUST874','Male',60,'Beauty',1,30,30),(875,'06/08/23','CUST875','Female',51,'Electronics',4,500,2000),(876,'09/10/23','CUST876','Male',43,'Clothing',4,30,120),(877,'19/06/23','CUST877','Female',58,'Clothing',1,25,25),(878,'30/06/23','CUST878','Female',20,'Clothing',1,30,30),(879,'26/12/23','CUST879','Male',23,'Clothing',1,30,30),(880,'21/08/23','CUST880','Male',22,'Beauty',2,500,1000),(881,'19/05/23','CUST881','Male',22,'Electronics',1,300,300),(882,'06/06/23','CUST882','Female',64,'Electronics',2,25,50),(883,'09/05/23','CUST883','Male',40,'Electronics',1,500,500),(884,'29/04/23','CUST884','Female',26,'Clothing',2,30,60),(885,'03/03/23','CUST885','Female',52,'Clothing',4,30,120),(886,'09/04/23','CUST886','Male',37,'Electronics',3,300,900),(887,'11/06/23','CUST887','Male',59,'Clothing',4,25,100),(888,'03/03/23','CUST888','Female',52,'Electronics',4,25,100),(889,'02/10/23','CUST889','Female',35,'Electronics',1,50,50),(890,'20/12/23','CUST890','Male',34,'Electronics',2,25,50),(891,'05/04/23','CUST891','Male',41,'Electronics',3,300,900),(892,'09/04/23','CUST892','Male',20,'Electronics',1,50,50),(893,'21/04/23','CUST893','Male',49,'Electronics',1,50,50),(894,'05/09/23','CUST894','Male',52,'Electronics',1,30,30),(895,'22/05/23','CUST895','Female',55,'Clothing',4,30,120),(896,'29/10/23','CUST896','Female',30,'Electronics',2,25,50),(897,'26/09/23','CUST897','Female',64,'Electronics',2,50,100),(898,'02/11/23','CUST898','Female',42,'Clothing',3,30,90),(899,'25/05/23','CUST899','Male',26,'Clothing',2,300,600),(900,'21/02/23','CUST900','Male',21,'Clothing',2,30,60),(901,'10/04/23','CUST901','Male',31,'Electronics',1,30,30),(902,'01/06/23','CUST902','Female',54,'Beauty',1,50,50),(903,'27/04/23','CUST903','Female',51,'Beauty',4,50,200),(904,'04/07/23','CUST904','Male',28,'Clothing',1,500,500),(905,'02/04/23','CUST905','Male',58,'Beauty',1,300,300),(906,'04/06/23','CUST906','Female',20,'Clothing',1,50,50),(907,'08/01/23','CUST907','Female',45,'Electronics',1,25,25),(908,'29/12/23','CUST908','Male',46,'Beauty',4,300,1200),(909,'01/10/23','CUST909','Male',26,'Electronics',1,300,300),(910,'06/03/23','CUST910','Female',20,'Beauty',3,50,150),(911,'21/05/23','CUST911','Male',42,'Electronics',3,300,900),(912,'24/01/23','CUST912','Male',51,'Beauty',3,50,150),(913,'28/01/23','CUST913','Male',29,'Electronics',3,30,90),(914,'11/10/23','CUST914','Female',59,'Electronics',1,500,500),(915,'30/05/23','CUST915','Female',26,'Beauty',3,30,90),(916,'24/12/23','CUST916','Female',32,'Electronics',1,50,50),(917,'06/03/23','CUST917','Female',57,'Electronics',4,50,200),(918,'23/11/23','CUST918','Female',42,'Electronics',3,30,90),(919,'09/09/23','CUST919','Female',22,'Beauty',2,25,50),(920,'22/02/23','CUST920','Female',28,'Beauty',3,25,75),(921,'07/01/23','CUST921','Male',51,'Electronics',3,25,75),(922,'21/10/23','CUST922','Male',41,'Electronics',1,50,50),(923,'26/05/23','CUST923','Male',32,'Beauty',3,300,900),(924,'29/08/23','CUST924','Male',55,'Beauty',2,50,100),(925,'03/09/23','CUST925','Male',25,'Electronics',1,300,300),(926,'14/08/23','CUST926','Male',22,'Electronics',1,30,30),(927,'24/06/23','CUST927','Male',43,'Electronics',4,500,2000),(928,'05/04/23','CUST928','Female',35,'Clothing',4,300,1200),(929,'27/01/23','CUST929','Female',23,'Beauty',3,25,75),(930,'10/05/23','CUST930','Male',54,'Clothing',4,50,200),(931,'02/09/23','CUST931','Male',30,'Beauty',4,30,120),(932,'28/02/23','CUST932','Female',45,'Beauty',4,25,100),(933,'03/02/23','CUST933','Male',22,'Beauty',1,30,30),(934,'25/07/23','CUST934','Male',30,'Beauty',1,500,500),(935,'09/09/23','CUST935','Female',34,'Beauty',1,50,50),(936,'07/02/23','CUST936','Male',57,'Beauty',4,50,200),(937,'23/10/23','CUST937','Female',62,'Beauty',1,500,500),(938,'19/11/23','CUST938','Male',49,'Clothing',4,50,200),(939,'18/12/23','CUST939','Female',46,'Electronics',1,300,300),(940,'28/01/23','CUST940','Female',20,'Electronics',1,30,30),(941,'19/03/23','CUST941','Female',57,'Clothing',2,25,50),(942,'18/03/23','CUST942','Male',51,'Clothing',3,500,1500),(943,'16/10/23','CUST943','Female',57,'Clothing',4,300,1200),(944,'05/06/23','CUST944','Male',44,'Clothing',2,25,50),(945,'13/02/23','CUST945','Male',30,'Beauty',1,25,25),(946,'08/05/23','CUST946','Male',62,'Electronics',4,500,2000),(947,'02/03/23','CUST947','Male',50,'Beauty',1,300,300),(948,'13/10/23','CUST948','Female',23,'Electronics',3,25,75),(949,'02/08/23','CUST949','Female',41,'Electronics',2,25,50),(950,'07/11/23','CUST950','Male',36,'Clothing',3,300,900),(951,'02/11/23','CUST951','Male',33,'Beauty',2,50,100),(952,'13/11/23','CUST952','Female',57,'Clothing',1,25,25),(953,'26/04/23','CUST953','Male',45,'Beauty',3,30,90),(954,'25/09/23','CUST954','Female',50,'Electronics',3,300,900),(955,'14/07/23','CUST955','Male',58,'Clothing',1,25,25),(956,'19/08/23','CUST956','Male',30,'Clothing',3,500,1500),(957,'15/08/23','CUST957','Female',60,'Electronics',4,30,120),(958,'02/06/23','CUST958','Male',62,'Electronics',2,25,50),(959,'29/10/23','CUST959','Female',42,'Electronics',2,30,60),(960,'08/08/23','CUST960','Male',59,'Clothing',2,30,60),(961,'06/06/23','CUST961','Male',53,'Beauty',4,50,200),(962,'19/10/23','CUST962','Male',44,'Clothing',2,30,60),(963,'14/11/23','CUST963','Female',55,'Beauty',1,50,50),(964,'31/01/23','CUST964','Male',24,'Clothing',3,300,900),(965,'09/11/23','CUST965','Male',22,'Clothing',4,50,200),(966,'20/02/23','CUST966','Male',60,'Electronics',2,500,1000),(967,'17/04/23','CUST967','Male',62,'Beauty',1,25,25),(968,'17/11/23','CUST968','Female',48,'Clothing',3,300,900),(969,'19/04/23','CUST969','Female',40,'Clothing',3,300,900),(970,'16/05/23','CUST970','Male',59,'Electronics',4,500,2000),(971,'05/12/23','CUST971','Female',27,'Electronics',4,50,200),(972,'11/02/23','CUST972','Male',49,'Beauty',4,25,100),(973,'22/03/23','CUST973','Male',60,'Clothing',1,50,50),(974,'03/05/23','CUST974','Male',47,'Beauty',1,30,30),(975,'30/03/23','CUST975','Female',56,'Clothing',4,50,200),(976,'10/10/23','CUST976','Female',48,'Beauty',2,300,600),(977,'08/02/23','CUST977','Female',35,'Electronics',3,25,75),(978,'22/03/23','CUST978','Female',53,'Clothing',3,50,150),(979,'02/01/23','CUST979','Female',19,'Beauty',1,25,25),(980,'29/07/23','CUST980','Female',31,'Electronics',3,25,75),(981,'19/08/23','CUST981','Female',30,'Electronics',2,30,60),(982,'19/12/23','CUST982','Female',46,'Beauty',3,30,90),(983,'01/11/23','CUST983','Female',29,'Clothing',1,300,300),(984,'29/08/23','CUST984','Male',56,'Clothing',1,500,500),(985,'30/05/23','CUST985','Female',19,'Electronics',2,25,50),(986,'17/01/23','CUST986','Female',49,'Clothing',2,500,1000),(987,'29/04/23','CUST987','Female',30,'Clothing',3,300,900),(988,'28/05/23','CUST988','Female',63,'Clothing',3,25,75),(989,'28/12/23','CUST989','Female',44,'Electronics',1,25,25),(990,'25/05/23','CUST990','Female',58,'Beauty',2,500,1000),(991,'26/12/23','CUST991','Female',34,'Clothing',2,50,100),(992,'21/08/23','CUST992','Female',57,'Electronics',2,30,60),(993,'06/02/23','CUST993','Female',48,'Electronics',3,50,150),(994,'18/12/23','CUST994','Female',51,'Beauty',2,500,1000),(995,'30/04/23','CUST995','Female',41,'Clothing',1,30,30),(996,'16/05/23','CUST996','Male',62,'Clothing',1,50,50),(997,'17/11/23','CUST997','Male',52,'Beauty',3,30,90),(998,'29/10/23','CUST998','Female',23,'Beauty',4,25,100),(999,'05/12/23','CUST999','Female',36,'Electronics',3,50,150),(1000,'12/04/23','CUST1000','Male',47,'Electronics',4,30,120);
/*!40000 ALTER TABLE `retail_sales` ENABLE KEYS */;
UNLOCK TABLES;

--
-- Table structure for table `transaction`
--

DROP TABLE IF EXISTS `transaction`;
/*!40101 SET @saved_cs_client     = @@character_set_client */;
/*!50503 SET character_set_client = utf8mb4 */;
CREATE TABLE `transaction` (
  `transaction_id` int DEFAULT NULL,
  `customer_id` text,
  `quantity` int DEFAULT NULL,
  `total amount` int DEFAULT NULL,
  `date` text,
  `product_category` text
) ENGINE=InnoDB DEFAULT CHARSET=utf8mb4 COLLATE=utf8mb4_0900_ai_ci;
/*!40101 SET character_set_client = @saved_cs_client */;

--
-- Dumping data for table `transaction`
--

LOCK TABLES `transaction` WRITE;
/*!40000 ALTER TABLE `transaction` DISABLE KEYS */;
INSERT INTO `transaction` VALUES (1,'CUST001',3,150,'24/11/23','Beauty'),(2,'CUST002',2,1000,'27/02/23','Clothing'),(3,'CUST003',1,30,'13/01/23','Electronics'),(4,'CUST004',1,500,'21/05/23','Clothing'),(5,'CUST005',2,100,'06/05/23','Beauty'),(6,'CUST006',1,30,'25/04/23','Beauty'),(7,'CUST007',2,50,'13/03/23','Clothing'),(8,'CUST008',4,100,'22/02/23','Electronics'),(9,'CUST009',2,600,'13/12/23','Electronics'),(10,'CUST010',4,200,'07/10/23','Clothing'),(11,'CUST011',2,100,'14/02/23','Clothing'),(12,'CUST012',3,75,'30/10/23','Beauty'),(13,'CUST013',3,1500,'05/08/23','Electronics'),(14,'CUST014',4,120,'17/01/23','Clothing'),(15,'CUST015',4,2000,'16/01/23','Electronics'),(16,'CUST016',3,1500,'17/02/23','Clothing'),(17,'CUST017',4,100,'22/04/23','Clothing'),(18,'CUST018',2,50,'30/04/23','Electronics'),(19,'CUST019',2,50,'16/09/23','Clothing'),(20,'CUST020',3,900,'05/11/23','Clothing'),(21,'CUST021',1,500,'14/01/23','Beauty'),(22,'CUST022',2,100,'15/10/23','Clothing'),(23,'CUST023',4,120,'12/04/23','Clothing'),(24,'CUST024',1,300,'29/11/23','Clothing'),(25,'CUST025',1,50,'26/12/23','Beauty'),(26,'CUST026',2,1000,'07/10/23','Electronics'),(27,'CUST027',2,50,'03/08/23','Beauty'),(28,'CUST028',1,500,'23/04/23','Beauty'),(29,'CUST029',1,30,'18/08/23','Electronics'),(30,'CUST030',3,900,'29/10/23','Beauty'),(31,'CUST031',4,1200,'23/05/23','Electronics'),(32,'CUST032',3,90,'04/01/23','Beauty'),(33,'CUST033',2,100,'23/03/23','Electronics'),(34,'CUST034',3,150,'24/12/23','Clothing'),(35,'CUST035',3,900,'05/08/23','Beauty'),(36,'CUST036',3,900,'24/06/23','Beauty'),(37,'CUST037',3,75,'23/05/23','Beauty'),(38,'CUST038',4,200,'21/03/23','Beauty'),(39,'CUST039',4,120,'21/04/23','Clothing'),(40,'CUST040',1,50,'22/06/23','Beauty'),(41,'CUST041',2,50,'22/02/23','Clothing'),(42,'CUST042',3,900,'17/02/23','Clothing'),(43,'CUST043',1,300,'14/07/23','Clothing'),(44,'CUST044',1,25,'19/02/23','Clothing'),(45,'CUST045',1,30,'03/07/23','Electronics'),(46,'CUST046',4,1200,'26/06/23','Electronics'),(47,'CUST047',3,1500,'06/11/23','Beauty'),(48,'CUST048',3,900,'16/05/23','Electronics'),(49,'CUST049',2,1000,'23/01/23','Electronics'),(50,'CUST050',3,75,'24/08/23','Beauty'),(51,'CUST051',3,75,'02/10/23','Beauty'),(52,'CUST052',1,300,'05/03/23','Beauty'),(53,'CUST053',2,100,'13/07/23','Electronics'),(54,'CUST054',3,1500,'10/02/23','Electronics'),(55,'CUST055',4,120,'10/10/23','Beauty'),(56,'CUST056',3,900,'31/05/23','Clothing'),(57,'CUST057',1,30,'18/11/23','Beauty'),(58,'CUST058',4,1200,'13/11/23','Clothing'),(59,'CUST059',1,50,'05/07/23','Clothing'),(60,'CUST060',3,150,'23/10/23','Beauty'),(61,'CUST061',4,200,'09/04/23','Beauty'),(62,'CUST062',2,100,'27/12/23','Beauty'),(63,'CUST063',2,50,'05/02/23','Electronics'),(64,'CUST064',4,100,'24/01/23','Clothing'),(65,'CUST065',4,2000,'05/12/23','Electronics'),(66,'CUST066',1,30,'27/04/23','Electronics'),(67,'CUST067',4,1200,'29/05/23','Beauty'),(68,'CUST068',1,300,'10/02/23','Electronics'),(69,'CUST069',3,75,'30/04/23','Beauty'),(70,'CUST070',1,300,'21/02/23','Clothing'),(71,'CUST071',4,100,'14/07/23','Beauty'),(72,'CUST072',4,2000,'23/05/23','Electronics'),(73,'CUST073',3,90,'21/08/23','Electronics'),(74,'CUST074',4,2000,'22/11/23','Beauty'),(75,'CUST075',4,200,'06/07/23','Beauty'),(76,'CUST076',2,100,'25/03/23','Electronics'),(77,'CUST077',2,100,'09/07/23','Clothing'),(78,'CUST078',3,1500,'01/07/23','Clothing'),(79,'CUST079',1,300,'18/04/23','Beauty'),(80,'CUST080',2,60,'10/12/23','Clothing'),(81,'CUST081',1,50,'17/05/23','Electronics'),(82,'CUST082',4,200,'26/12/23','Beauty'),(83,'CUST083',2,100,'16/12/23','Electronics'),(84,'CUST084',3,90,'28/11/23','Electronics'),(85,'CUST085',3,150,'06/02/23','Clothing'),(86,'CUST086',3,90,'08/11/23','Beauty'),(87,'CUST087',2,100,'22/11/23','Beauty'),(88,'CUST088',1,500,'29/03/23','Clothing'),(89,'CUST089',4,2000,'01/10/23','Electronics'),(90,'CUST090',1,30,'06/05/23','Electronics'),(91,'CUST091',1,500,'25/03/23','Electronics'),(92,'CUST092',4,120,'25/08/23','Electronics'),(93,'CUST093',4,2000,'14/07/23','Beauty'),(94,'CUST094',2,1000,'19/05/23','Beauty'),(95,'CUST095',2,60,'24/11/23','Clothing'),(96,'CUST096',2,600,'19/12/23','Clothing'),(97,'CUST097',2,1000,'13/10/23','Beauty'),(98,'CUST098',2,100,'23/04/23','Beauty'),(99,'CUST099',4,1200,'17/12/23','Electronics'),(100,'CUST100',1,30,'16/06/23','Electronics'),(101,'CUST101',2,600,'29/01/23','Clothing'),(102,'CUST102',2,50,'28/04/23','Beauty'),(103,'CUST103',1,25,'17/01/23','Clothing'),(104,'CUST104',2,1000,'11/06/23','Beauty'),(105,'CUST105',1,500,'25/07/23','Electronics'),(106,'CUST106',1,50,'18/05/23','Clothing'),(107,'CUST107',4,1200,'03/02/23','Clothing'),(108,'CUST108',3,75,'19/04/23','Beauty'),(109,'CUST109',4,2000,'18/10/23','Electronics'),(110,'CUST110',3,900,'11/06/23','Clothing'),(111,'CUST111',3,1500,'19/04/23','Electronics'),(112,'CUST112',3,1500,'02/12/23','Clothing'),(113,'CUST113',2,50,'13/09/23','Electronics'),(114,'CUST114',4,100,'22/07/23','Beauty'),(115,'CUST115',3,1500,'26/11/23','Clothing'),(116,'CUST116',1,30,'23/08/23','Clothing'),(117,'CUST117',2,1000,'15/03/23','Electronics'),(118,'CUST118',4,2000,'16/05/23','Electronics'),(119,'CUST119',3,150,'13/03/23','Clothing'),(120,'CUST120',1,50,'07/05/23','Beauty'),(121,'CUST121',4,200,'15/10/23','Electronics'),(122,'CUST122',4,120,'03/10/23','Electronics'),(123,'CUST123',2,60,'15/05/23','Electronics'),(124,'CUST124',4,2000,'27/10/23','Clothing'),(125,'CUST125',2,100,'08/08/23','Clothing'),(126,'CUST126',3,90,'26/10/23','Clothing'),(127,'CUST127',2,50,'24/07/23','Clothing'),(128,'CUST128',1,500,'05/07/23','Beauty'),(129,'CUST129',2,600,'23/04/23','Beauty'),(130,'CUST130',1,500,'12/03/23','Clothing'),(131,'CUST131',2,600,'18/09/23','Beauty'),(132,'CUST132',4,200,'10/09/23','Electronics'),(133,'CUST133',3,900,'16/02/23','Electronics'),(134,'CUST134',1,50,'25/01/23','Electronics'),(135,'CUST135',2,50,'26/02/23','Clothing'),(136,'CUST136',2,600,'20/03/23','Electronics'),(137,'CUST137',2,1000,'18/11/23','Beauty'),(138,'CUST138',4,200,'23/03/23','Clothing'),(139,'CUST139',4,2000,'15/12/23','Beauty'),(140,'CUST140',1,30,'05/08/23','Electronics'),(141,'CUST141',1,50,'02/11/23','Electronics'),(142,'CUST142',4,1200,'02/02/23','Electronics'),(143,'CUST143',1,50,'17/07/23','Clothing'),(144,'CUST144',3,1500,'15/07/23','Beauty'),(145,'CUST145',3,75,'02/11/23','Clothing'),(146,'CUST146',4,200,'28/08/23','Clothing'),(147,'CUST147',1,300,'28/09/23','Electronics'),(148,'CUST148',2,60,'09/05/23','Clothing'),(149,'CUST149',3,75,'11/10/23','Clothing'),(150,'CUST150',4,120,'06/01/23','Electronics'),(151,'CUST151',1,50,'15/12/23','Clothing'),(152,'CUST152',4,2000,'28/02/23','Electronics'),(153,'CUST153',2,1000,'16/12/23','Electronics'),(154,'CUST154',3,900,'02/10/23','Electronics'),(155,'CUST155',4,2000,'17/05/23','Electronics'),(156,'CUST156',4,100,'25/11/23','Clothing'),(157,'CUST157',4,2000,'24/06/23','Electronics'),(158,'CUST158',2,600,'27/02/23','Electronics'),(159,'CUST159',4,200,'31/05/23','Clothing'),(160,'CUST160',2,100,'11/08/23','Clothing'),(161,'CUST161',2,1000,'22/03/23','Beauty'),(162,'CUST162',2,60,'21/08/23','Clothing'),(163,'CUST163',3,150,'02/01/23','Clothing'),(164,'CUST164',3,1500,'15/05/23','Beauty'),(165,'CUST165',4,1200,'14/09/23','Clothing'),(166,'CUST166',4,2000,'02/04/23','Clothing'),(167,'CUST167',3,150,'17/09/23','Clothing'),(168,'CUST168',1,300,'24/02/23','Clothing'),(169,'CUST169',3,1500,'17/11/23','Beauty'),(170,'CUST170',2,50,'02/06/23','Clothing'),(171,'CUST171',3,900,'24/11/23','Clothing'),(172,'CUST172',2,50,'17/09/23','Beauty'),(173,'CUST173',4,120,'08/11/23','Electronics'),(174,'CUST174',1,300,'12/04/23','Beauty'),(175,'CUST175',4,100,'20/03/23','Electronics'),(176,'CUST176',2,100,'11/07/23','Beauty'),(177,'CUST177',2,100,'24/03/23','Beauty'),(178,'CUST178',2,60,'04/10/23','Clothing'),(179,'CUST179',1,300,'29/09/23','Electronics'),(180,'CUST180',3,900,'01/01/23','Clothing'),(181,'CUST181',4,1200,'03/11/23','Electronics'),(182,'CUST182',4,120,'15/06/23','Beauty'),(183,'CUST183',3,900,'08/09/23','Beauty'),(184,'CUST184',4,200,'10/01/23','Electronics'),(185,'CUST185',1,25,'27/02/23','Clothing'),(186,'CUST186',4,200,'05/07/23','Clothing'),(187,'CUST187',2,100,'07/06/23','Clothing'),(188,'CUST188',3,75,'03/05/23','Clothing'),(189,'CUST189',1,50,'30/01/23','Beauty'),(190,'CUST190',3,90,'04/05/23','Beauty'),(191,'CUST191',1,25,'18/10/23','Beauty'),(192,'CUST192',2,100,'10/02/23','Beauty'),(193,'CUST193',3,1500,'13/02/23','Beauty'),(194,'CUST194',4,200,'06/09/23','Clothing'),(195,'CUST195',1,30,'05/02/23','Clothing'),(196,'CUST196',3,900,'30/09/23','Clothing'),(197,'CUST197',4,200,'06/03/23','Clothing'),(198,'CUST198',3,900,'07/03/23','Beauty'),(199,'CUST199',3,1500,'04/12/23','Beauty'),(200,'CUST200',3,150,'01/09/23','Beauty'),(201,'CUST201',1,25,'09/10/23','Electronics'),(202,'CUST202',4,1200,'26/03/23','Clothing'),(203,'CUST203',2,1000,'16/05/23','Clothing'),(204,'CUST204',1,25,'28/09/23','Beauty'),(205,'CUST205',1,25,'07/11/23','Clothing'),(206,'CUST206',1,25,'05/08/23','Clothing'),(207,'CUST207',2,50,'19/04/23','Beauty'),(208,'CUST208',4,200,'04/10/23','Electronics'),(209,'CUST209',4,200,'20/12/23','Electronics'),(210,'CUST210',4,200,'13/04/23','Electronics'),(211,'CUST211',3,1500,'01/01/24','Beauty'),(212,'CUST212',3,1500,'09/06/23','Clothing'),(213,'CUST213',3,1500,'24/07/23','Beauty'),(214,'CUST214',2,60,'10/12/23','Beauty'),(215,'CUST215',3,1500,'29/11/23','Clothing'),(216,'CUST216',2,100,'11/07/23','Electronics'),(217,'CUST217',4,200,'13/08/23','Electronics'),(218,'CUST218',3,90,'22/09/23','Beauty'),(219,'CUST219',3,90,'20/08/23','Electronics'),(220,'CUST220',1,500,'03/03/23','Beauty'),(221,'CUST221',2,600,'07/05/23','Beauty'),(222,'CUST222',4,120,'26/04/23','Clothing'),(223,'CUST223',1,25,'02/02/23','Clothing'),(224,'CUST224',1,50,'23/06/23','Clothing'),(225,'CUST225',4,100,'11/01/23','Beauty'),(226,'CUST226',1,50,'29/10/23','Clothing'),(227,'CUST227',2,100,'11/10/23','Electronics'),(228,'CUST228',2,60,'28/04/23','Electronics'),(229,'CUST229',3,90,'29/10/23','Beauty'),(230,'CUST230',1,25,'23/04/23','Beauty'),(231,'CUST231',3,150,'04/01/23','Clothing'),(232,'CUST232',1,25,'06/02/23','Beauty'),(233,'CUST233',2,600,'29/12/23','Beauty'),(234,'CUST234',2,50,'20/11/23','Electronics'),(235,'CUST235',2,1000,'31/01/23','Electronics'),(236,'CUST236',1,25,'28/04/23','Clothing'),(237,'CUST237',2,1000,'04/02/23','Beauty'),(238,'CUST238',1,500,'17/01/23','Beauty'),(239,'CUST239',3,1500,'19/06/23','Electronics'),(240,'CUST240',1,300,'06/02/23','Beauty'),(241,'CUST241',3,75,'21/09/23','Electronics'),(242,'CUST242',1,25,'02/05/23','Clothing'),(243,'CUST243',3,900,'23/05/23','Electronics'),(244,'CUST244',2,100,'09/12/23','Beauty'),(245,'CUST245',3,90,'06/09/23','Clothing'),(246,'CUST246',2,50,'20/04/23','Electronics'),(247,'CUST247',2,60,'04/10/23','Electronics'),(248,'CUST248',3,900,'09/03/23','Clothing'),(249,'CUST249',1,50,'20/10/23','Clothing'),(250,'CUST250',1,50,'23/10/23','Electronics'),(251,'CUST251',4,200,'31/08/23','Beauty'),(252,'CUST252',1,300,'05/05/23','Electronics'),(253,'CUST253',4,2000,'31/08/23','Clothing'),(254,'CUST254',1,500,'28/07/23','Electronics'),(255,'CUST255',1,30,'08/04/23','Clothing'),(256,'CUST256',2,1000,'18/02/23','Clothing'),(257,'CUST257',4,2000,'19/02/23','Beauty'),(258,'CUST258',1,50,'04/12/23','Clothing'),(259,'CUST259',4,200,'09/08/23','Clothing'),(260,'CUST260',2,60,'01/07/23','Beauty'),(261,'CUST261',2,50,'05/08/23','Clothing'),(262,'CUST262',4,120,'30/07/23','Beauty'),(263,'CUST263',2,60,'28/08/23','Beauty'),(264,'CUST264',3,900,'28/01/23','Clothing'),(265,'CUST265',3,900,'11/12/23','Clothing'),(266,'CUST266',2,60,'01/12/23','Electronics'),(267,'CUST267',3,90,'27/11/23','Beauty'),(268,'CUST268',1,30,'20/02/23','Electronics'),(269,'CUST269',4,2000,'01/02/23','Clothing'),(270,'CUST270',1,300,'26/07/23','Electronics'),(271,'CUST271',4,120,'23/06/23','Beauty'),(272,'CUST272',2,100,'25/02/23','Electronics'),(273,'CUST273',1,50,'08/05/23','Beauty'),(274,'CUST274',2,1000,'09/04/23','Clothing'),(275,'CUST275',2,1000,'08/04/23','Clothing'),(276,'CUST276',4,100,'02/10/23','Beauty'),(277,'CUST277',4,100,'18/08/23','Clothing'),(278,'CUST278',4,100,'13/03/23','Clothing'),(279,'CUST279',1,500,'05/08/23','Clothing'),(280,'CUST280',3,1500,'04/04/23','Clothing'),(281,'CUST281',4,2000,'23/05/23','Beauty'),(282,'CUST282',4,200,'25/08/23','Electronics'),(283,'CUST283',1,500,'08/05/23','Electronics'),(284,'CUST284',4,200,'08/02/23','Clothing'),(285,'CUST285',1,25,'15/08/23','Electronics'),(286,'CUST286',2,50,'09/10/23','Electronics'),(287,'CUST287',4,100,'20/02/23','Clothing'),(288,'CUST288',4,120,'26/01/23','Clothing'),(289,'CUST289',2,60,'30/11/23','Electronics'),(290,'CUST290',2,600,'04/10/23','Beauty'),(291,'CUST291',2,600,'08/01/23','Clothing'),(292,'CUST292',4,1200,'17/02/23','Beauty'),(293,'CUST293',3,90,'02/05/23','Electronics'),(294,'CUST294',3,90,'27/03/23','Clothing'),(295,'CUST295',3,900,'28/07/23','Beauty'),(296,'CUST296',4,1200,'06/09/23','Clothing'),(297,'CUST297',2,1000,'04/09/23','Electronics'),(298,'CUST298',4,1200,'20/04/23','Beauty'),(299,'CUST299',2,1000,'25/07/23','Electronics'),(300,'CUST300',4,200,'31/01/23','Electronics'),(301,'CUST301',4,120,'26/03/23','Clothing'),(302,'CUST302',2,600,'14/07/23','Beauty'),(303,'CUST303',3,90,'02/01/23','Electronics'),(304,'CUST304',2,60,'19/07/23','Electronics'),(305,'CUST305',1,30,'16/05/23','Beauty'),(306,'CUST306',1,50,'21/08/23','Electronics'),(307,'CUST307',2,50,'27/05/23','Electronics'),(308,'CUST308',4,1200,'05/08/23','Beauty'),(309,'CUST309',1,25,'23/12/23','Beauty'),(310,'CUST310',1,25,'12/10/23','Beauty'),(311,'CUST311',4,100,'05/12/23','Beauty'),(312,'CUST312',4,120,'07/09/23','Clothing'),(313,'CUST313',3,1500,'21/03/23','Beauty'),(314,'CUST314',4,120,'08/04/23','Clothing'),(315,'CUST315',2,60,'01/06/23','Clothing'),(316,'CUST316',2,50,'22/04/23','Clothing'),(317,'CUST317',3,90,'30/01/23','Electronics'),(318,'CUST318',1,25,'24/10/23','Clothing'),(319,'CUST319',1,500,'05/10/23','Clothing'),(320,'CUST320',4,1200,'01/02/23','Electronics'),(321,'CUST321',2,50,'10/06/23','Electronics'),(322,'CUST322',1,500,'30/01/23','Electronics'),(323,'CUST323',3,900,'26/01/23','Beauty'),(324,'CUST324',3,150,'27/10/23','Electronics'),(325,'CUST325',2,50,'02/09/23','Electronics'),(326,'CUST326',3,75,'15/09/23','Clothing'),(327,'CUST327',3,150,'29/09/23','Electronics'),(328,'CUST328',2,100,'22/03/23','Beauty'),(329,'CUST329',4,100,'30/01/23','Electronics'),(330,'CUST330',4,200,'18/09/23','Beauty'),(331,'CUST331',3,90,'11/02/23','Electronics'),(332,'CUST332',4,1200,'06/04/23','Electronics'),(333,'CUST333',4,1200,'05/02/23','Electronics'),(334,'CUST334',3,900,'01/11/23','Electronics'),(335,'CUST335',4,120,'04/02/23','Beauty'),(336,'CUST336',3,150,'12/12/23','Beauty'),(337,'CUST337',1,500,'01/05/23','Clothing'),(338,'CUST338',2,100,'26/07/23','Beauty'),(339,'CUST339',2,50,'03/03/23','Electronics'),(340,'CUST340',4,1200,'19/10/23','Clothing'),(341,'CUST341',4,200,'07/05/23','Clothing'),(342,'CUST342',4,2000,'24/10/23','Clothing'),(343,'CUST343',2,50,'01/11/23','Electronics'),(344,'CUST344',1,30,'21/01/23','Beauty'),(345,'CUST345',1,30,'14/11/23','Electronics'),(346,'CUST346',2,1000,'11/02/23','Clothing'),(347,'CUST347',1,25,'03/08/23','Electronics'),(348,'CUST348',2,600,'03/12/23','Electronics'),(349,'CUST349',1,50,'26/10/23','Beauty'),(350,'CUST350',3,75,'17/10/23','Beauty'),(351,'CUST351',3,90,'25/09/23','Clothing'),(352,'CUST352',2,1000,'11/06/23','Electronics'),(353,'CUST353',1,500,'14/05/23','Electronics'),(354,'CUST354',4,200,'15/04/23','Beauty'),(355,'CUST355',1,500,'09/12/23','Electronics'),(356,'CUST356',3,1500,'10/06/23','Electronics'),(357,'CUST357',3,75,'03/05/23','Electronics'),(358,'CUST358',1,300,'16/05/23','Beauty'),(359,'CUST359',1,50,'22/07/23','Clothing'),(360,'CUST360',4,100,'09/03/23','Clothing'),(361,'CUST361',4,1200,'10/12/23','Electronics'),(362,'CUST362',1,25,'27/11/23','Clothing'),(363,'CUST363',1,25,'03/06/23','Beauty'),(364,'CUST364',1,500,'23/08/23','Beauty'),(365,'CUST365',1,300,'11/06/23','Clothing'),(366,'CUST366',2,100,'07/02/23','Clothing'),(367,'CUST367',1,50,'05/01/23','Electronics'),(368,'CUST368',4,1200,'23/08/23','Clothing'),(369,'CUST369',3,1500,'15/11/23','Electronics'),(370,'CUST370',2,60,'16/10/23','Electronics'),(371,'CUST371',1,25,'21/02/23','Beauty'),(372,'CUST372',3,1500,'07/02/23','Beauty'),(373,'CUST373',2,600,'03/10/23','Beauty'),(374,'CUST374',3,75,'20/04/23','Beauty'),(375,'CUST375',1,50,'17/09/23','Clothing'),(376,'CUST376',1,30,'16/05/23','Beauty'),(377,'CUST377',4,200,'09/03/23','Clothing'),(378,'CUST378',1,300,'28/06/23','Beauty'),(379,'CUST379',1,25,'05/02/23','Clothing'),(380,'CUST380',2,600,'06/05/23','Electronics'),(381,'CUST381',4,100,'09/07/23','Clothing'),(382,'CUST382',2,1000,'26/05/23','Clothing'),(383,'CUST383',3,90,'22/03/23','Beauty'),(384,'CUST384',1,500,'13/08/23','Clothing'),(385,'CUST385',3,1500,'06/10/23','Electronics'),(386,'CUST386',2,600,'27/12/23','Electronics'),(387,'CUST387',1,30,'04/06/23','Beauty'),(388,'CUST388',1,25,'10/11/23','Electronics'),(389,'CUST389',2,50,'01/12/23','Clothing'),(390,'CUST390',2,100,'28/09/23','Electronics'),(391,'CUST391',2,50,'05/01/23','Beauty'),(392,'CUST392',2,600,'08/12/23','Clothing'),(393,'CUST393',2,1000,'11/10/23','Beauty'),(394,'CUST394',1,500,'03/06/23','Clothing'),(395,'CUST395',2,1000,'06/12/23','Electronics'),(396,'CUST396',1,30,'23/02/23','Beauty'),(397,'CUST397',1,25,'10/03/23','Beauty'),(398,'CUST398',2,600,'16/05/23','Clothing'),(399,'CUST399',2,60,'01/03/23','Beauty'),(400,'CUST400',4,200,'24/02/23','Clothing'),(401,'CUST401',1,300,'11/10/23','Clothing'),(402,'CUST402',2,600,'21/03/23','Clothing'),(403,'CUST403',2,600,'20/05/23','Clothing'),(404,'CUST404',2,1000,'25/05/23','Electronics'),(405,'CUST405',4,1200,'06/11/23','Clothing'),(406,'CUST406',4,100,'18/04/23','Beauty'),(407,'CUST407',3,900,'25/06/23','Electronics'),(408,'CUST408',1,500,'15/04/23','Beauty'),(409,'CUST409',3,900,'18/12/23','Electronics'),(410,'CUST410',2,100,'21/11/23','Clothing'),(411,'CUST411',4,200,'16/05/23','Electronics'),(412,'CUST412',4,2000,'16/09/23','Electronics'),(413,'CUST413',3,75,'08/09/23','Beauty'),(414,'CUST414',4,100,'09/05/23','Beauty'),(415,'CUST415',2,60,'27/01/23','Clothing'),(416,'CUST416',4,2000,'17/02/23','Electronics'),(417,'CUST417',3,900,'21/11/23','Electronics'),(418,'CUST418',2,1000,'05/08/23','Electronics'),(419,'CUST419',3,90,'22/05/23','Clothing'),(420,'CUST420',4,2000,'23/01/23','Clothing'),(421,'CUST421',3,1500,'02/01/23','Clothing'),(422,'CUST422',3,90,'20/06/23','Clothing'),(423,'CUST423',1,25,'08/03/23','Clothing'),(424,'CUST424',4,1200,'23/11/23','Beauty'),(425,'CUST425',4,120,'15/05/23','Electronics'),(426,'CUST426',3,150,'24/03/23','Electronics'),(427,'CUST427',1,25,'15/08/23','Electronics'),(428,'CUST428',4,200,'10/10/23','Electronics'),(429,'CUST429',2,50,'28/12/23','Electronics'),(430,'CUST430',3,900,'07/08/23','Electronics'),(431,'CUST431',4,1200,'15/10/23','Electronics'),(432,'CUST432',2,1000,'05/01/23','Electronics'),(433,'CUST433',4,200,'27/02/23','Beauty'),(434,'CUST434',2,50,'08/02/23','Electronics'),(435,'CUST435',3,900,'20/12/23','Beauty'),(436,'CUST436',4,120,'18/03/23','Clothing'),(437,'CUST437',4,1200,'07/10/23','Electronics'),(438,'CUST438',1,30,'19/01/23','Clothing'),(439,'CUST439',3,75,'09/07/23','Clothing'),(440,'CUST440',2,600,'26/10/23','Clothing'),(441,'CUST441',4,1200,'10/10/23','Beauty'),(442,'CUST442',4,100,'17/03/23','Clothing'),(443,'CUST443',2,600,'09/08/23','Clothing'),(444,'CUST444',3,90,'07/03/23','Clothing'),(445,'CUST445',1,300,'22/01/23','Electronics'),(446,'CUST446',1,50,'07/06/23','Electronics'),(447,'CUST447',4,2000,'06/07/23','Beauty'),(448,'CUST448',2,60,'21/01/23','Beauty'),(449,'CUST449',4,200,'03/07/23','Electronics'),(450,'CUST450',2,50,'18/04/23','Beauty'),(451,'CUST451',1,30,'16/12/23','Electronics'),(452,'CUST452',3,1500,'08/05/23','Clothing'),(453,'CUST453',2,1000,'08/12/23','Clothing'),(454,'CUST454',1,25,'22/02/23','Beauty'),(455,'CUST455',4,100,'01/07/23','Electronics'),(456,'CUST456',2,60,'14/10/23','Electronics'),(457,'CUST457',3,900,'28/07/23','Beauty'),(458,'CUST458',4,100,'14/11/23','Electronics'),(459,'CUST459',4,1200,'21/03/23','Clothing'),(460,'CUST460',1,50,'02/05/23','Beauty'),(461,'CUST461',2,1000,'25/03/23','Beauty'),(462,'CUST462',4,1200,'01/04/23','Electronics'),(463,'CUST463',3,1500,'31/07/23','Beauty'),(464,'CUST464',2,600,'13/01/23','Electronics'),(465,'CUST465',3,150,'02/04/23','Electronics'),(466,'CUST466',4,100,'20/06/23','Electronics'),(467,'CUST467',3,150,'30/07/23','Electronics'),(468,'CUST468',1,25,'09/12/23','Electronics'),(469,'CUST469',3,75,'08/05/23','Beauty'),(470,'CUST470',2,1000,'17/05/23','Clothing'),(471,'CUST471',3,150,'23/03/23','Clothing'),(472,'CUST472',3,900,'26/12/23','Beauty'),(473,'CUST473',1,50,'25/02/23','Beauty'),(474,'CUST474',3,1500,'15/07/23','Clothing'),(475,'CUST475',3,75,'20/01/23','Clothing'),(476,'CUST476',4,2000,'29/08/23','Clothing'),(477,'CUST477',4,120,'24/04/23','Clothing'),(478,'CUST478',2,60,'13/04/23','Clothing'),(479,'CUST479',4,1200,'24/08/23','Electronics'),(480,'CUST480',4,2000,'29/06/23','Beauty'),(481,'CUST481',4,1200,'06/06/23','Electronics'),(482,'CUST482',4,1200,'27/04/23','Clothing'),(483,'CUST483',1,30,'25/04/23','Clothing'),(484,'CUST484',4,1200,'13/01/23','Clothing'),(485,'CUST485',1,30,'04/12/23','Electronics'),(486,'CUST486',1,25,'09/04/23','Electronics'),(487,'CUST487',4,2000,'24/07/23','Clothing'),(488,'CUST488',3,900,'18/06/23','Electronics'),(489,'CUST489',1,30,'23/05/23','Electronics'),(490,'CUST490',3,150,'05/02/23','Clothing'),(491,'CUST491',3,900,'23/05/23','Electronics'),(492,'CUST492',4,100,'29/06/23','Beauty'),(493,'CUST493',2,50,'25/11/23','Beauty'),(494,'CUST494',4,200,'18/09/23','Beauty'),(495,'CUST495',2,60,'24/07/23','Beauty'),(496,'CUST496',2,600,'14/12/23','Clothing'),(497,'CUST497',4,120,'02/10/23','Clothing'),(498,'CUST498',4,100,'19/06/23','Clothing'),(499,'CUST499',2,60,'15/01/23','Beauty'),(500,'CUST500',4,100,'01/03/23','Beauty'),(501,'CUST501',2,60,'14/05/23','Electronics'),(502,'CUST502',3,150,'02/04/23','Electronics'),(503,'CUST503',4,2000,'25/10/23','Beauty'),(504,'CUST504',3,150,'16/05/23','Beauty'),(505,'CUST505',1,50,'20/01/23','Beauty'),(506,'CUST506',3,1500,'25/02/23','Beauty'),(507,'CUST507',3,1500,'02/11/23','Electronics'),(508,'CUST508',2,600,'11/08/23','Beauty'),(509,'CUST509',3,900,'26/06/23','Electronics'),(510,'CUST510',4,200,'10/06/23','Beauty'),(511,'CUST511',2,100,'12/08/23','Beauty'),(512,'CUST512',1,25,'07/11/23','Beauty'),(513,'CUST513',4,100,'19/09/23','Electronics'),(514,'CUST514',1,300,'01/03/23','Electronics'),(515,'CUST515',3,900,'17/07/23','Clothing'),(516,'CUST516',4,100,'23/10/23','Beauty'),(517,'CUST517',4,100,'08/04/23','Clothing'),(518,'CUST518',1,30,'11/05/23','Clothing'),(519,'CUST519',4,120,'23/01/23','Electronics'),(520,'CUST520',4,100,'29/12/23','Electronics'),(521,'CUST521',4,120,'12/08/23','Clothing'),(522,'CUST522',3,1500,'01/01/23','Beauty'),(523,'CUST523',1,300,'24/09/23','Electronics'),(524,'CUST524',4,1200,'03/10/23','Beauty'),(525,'CUST525',2,50,'18/12/23','Beauty'),(526,'CUST526',2,100,'10/12/23','Clothing'),(527,'CUST527',2,50,'11/04/23','Clothing'),(528,'CUST528',2,60,'06/07/23','Clothing'),(529,'CUST529',3,150,'09/08/23','Clothing'),(530,'CUST530',4,120,'05/02/23','Electronics'),(531,'CUST531',1,500,'07/12/23','Electronics'),(532,'CUST532',4,120,'19/06/23','Clothing'),(533,'CUST533',3,1500,'16/11/23','Electronics'),(534,'CUST534',2,1000,'10/06/23','Clothing'),(535,'CUST535',3,90,'06/12/23','Beauty'),(536,'CUST536',4,120,'05/03/23','Beauty'),(537,'CUST537',1,500,'03/06/23','Beauty'),(538,'CUST538',3,150,'17/09/23','Clothing'),(539,'CUST539',1,500,'08/06/23','Beauty'),(540,'CUST540',3,900,'08/12/23','Electronics'),(541,'CUST541',1,500,'29/07/23','Beauty'),(542,'CUST542',1,50,'17/06/23','Beauty'),(543,'CUST543',2,600,'26/07/23','Beauty'),(544,'CUST544',1,25,'23/12/23','Electronics'),(545,'CUST545',2,50,'01/06/23','Clothing'),(546,'CUST546',4,200,'11/10/23','Electronics'),(547,'CUST547',4,2000,'07/03/23','Clothing'),(548,'CUST548',2,60,'09/04/23','Clothing'),(549,'CUST549',2,100,'04/08/23','Beauty'),(550,'CUST550',3,900,'07/12/23','Clothing'),(551,'CUST551',3,900,'14/07/23','Electronics'),(552,'CUST552',3,75,'13/12/23','Electronics'),(553,'CUST553',4,1200,'31/03/23','Clothing'),(554,'CUST554',3,150,'12/11/23','Beauty'),(555,'CUST555',1,300,'19/10/23','Beauty'),(556,'CUST556',1,50,'04/06/23','Electronics'),(557,'CUST557',3,90,'27/07/23','Beauty'),(558,'CUST558',1,25,'08/10/23','Clothing'),(559,'CUST559',4,1200,'01/01/23','Clothing'),(560,'CUST560',1,50,'05/06/23','Electronics'),(561,'CUST561',4,2000,'27/05/23','Clothing'),(562,'CUST562',2,50,'18/04/23','Electronics'),(563,'CUST563',2,60,'09/08/23','Clothing'),(564,'CUST564',2,100,'24/10/23','Electronics'),(565,'CUST565',2,60,'07/11/23','Beauty'),(566,'CUST566',1,30,'02/12/23','Clothing'),(567,'CUST567',3,900,'14/06/23','Clothing'),(568,'CUST568',1,300,'27/08/23','Electronics'),(569,'CUST569',4,200,'15/08/23','Electronics'),(570,'CUST570',1,500,'15/08/23','Clothing'),(571,'CUST571',1,50,'12/12/23','Electronics'),(572,'CUST572',4,2000,'20/04/23','Clothing'),(573,'CUST573',2,60,'19/09/23','Beauty'),(574,'CUST574',2,50,'31/08/23','Electronics'),(575,'CUST575',2,100,'28/03/23','Clothing'),(576,'CUST576',3,150,'04/12/23','Beauty'),(577,'CUST577',4,2000,'13/02/23','Beauty'),(578,'CUST578',4,120,'26/05/23','Clothing'),(579,'CUST579',1,30,'21/09/23','Electronics'),(580,'CUST580',3,1500,'06/12/23','Clothing'),(581,'CUST581',2,60,'21/11/23','Beauty'),(582,'CUST582',3,900,'14/11/23','Clothing'),(583,'CUST583',4,100,'21/06/23','Electronics'),(584,'CUST584',4,200,'17/02/23','Beauty'),(585,'CUST585',1,25,'01/05/23','Clothing'),(586,'CUST586',1,50,'11/12/23','Electronics'),(587,'CUST587',4,1200,'08/06/23','Beauty'),(588,'CUST588',2,60,'26/04/23','Electronics'),(589,'CUST589',2,1000,'12/04/23','Beauty'),(590,'CUST590',3,900,'17/03/23','Clothing'),(591,'CUST591',4,100,'13/01/23','Electronics'),(592,'CUST592',4,2000,'24/01/23','Beauty'),(593,'CUST593',2,60,'06/05/23','Electronics'),(594,'CUST594',2,600,'01/09/23','Electronics'),(595,'CUST595',4,2000,'09/11/23','Clothing'),(596,'CUST596',1,300,'07/02/23','Electronics'),(597,'CUST597',4,1200,'22/08/23','Beauty'),(598,'CUST598',4,120,'01/08/23','Beauty'),(599,'CUST599',2,100,'19/11/23','Beauty'),(600,'CUST600',2,1000,'22/10/23','Beauty'),(601,'CUST601',1,30,'10/04/23','Clothing'),(602,'CUST602',1,300,'23/12/23','Electronics'),(603,'CUST603',3,90,'16/07/23','Clothing'),(604,'CUST604',4,200,'11/09/23','Electronics'),(605,'CUST605',2,1000,'24/07/23','Electronics'),(606,'CUST606',1,50,'05/05/23','Electronics'),(607,'CUST607',3,75,'17/03/23','Clothing'),(608,'CUST608',3,1500,'02/12/23','Electronics'),(609,'CUST609',2,100,'19/12/23','Clothing'),(610,'CUST610',2,600,'03/01/23','Beauty'),(611,'CUST611',3,1500,'24/02/23','Beauty'),(612,'CUST612',1,500,'06/08/23','Electronics'),(613,'CUST613',3,90,'23/04/23','Clothing'),(614,'CUST614',4,1200,'01/04/23','Beauty'),(615,'CUST615',4,100,'23/12/23','Clothing'),(616,'CUST616',2,100,'23/09/23','Clothing'),(617,'CUST617',1,30,'26/08/23','Electronics'),(618,'CUST618',1,50,'26/01/23','Beauty'),(619,'CUST619',4,100,'13/10/23','Electronics'),(620,'CUST620',3,75,'08/05/23','Electronics'),(621,'CUST621',2,1000,'04/03/23','Beauty'),(622,'CUST622',3,75,'22/08/23','Beauty'),(623,'CUST623',3,150,'10/03/23','Clothing'),(624,'CUST624',3,900,'26/08/23','Beauty'),(625,'CUST625',1,300,'08/12/23','Clothing'),(626,'CUST626',4,2000,'29/09/23','Clothing'),(627,'CUST627',1,50,'14/10/23','Clothing'),(628,'CUST628',4,200,'01/11/23','Beauty'),(629,'CUST629',2,50,'12/06/23','Electronics'),(630,'CUST630',2,100,'15/08/23','Clothing'),(631,'CUST631',3,90,'10/11/23','Electronics'),(632,'CUST632',4,100,'16/09/23','Electronics'),(633,'CUST633',4,120,'07/08/23','Beauty'),(634,'CUST634',4,2000,'08/10/23','Electronics'),(635,'CUST635',3,900,'17/08/23','Electronics'),(636,'CUST636',3,1500,'23/03/23','Beauty'),(637,'CUST637',2,600,'01/09/23','Clothing'),(638,'CUST638',1,500,'19/08/23','Electronics'),(639,'CUST639',4,200,'13/05/23','Beauty'),(640,'CUST640',4,120,'07/05/23','Electronics'),(641,'CUST641',1,300,'23/11/23','Electronics'),(642,'CUST642',4,100,'22/05/23','Clothing'),(643,'CUST643',3,90,'24/09/23','Electronics'),(644,'CUST644',3,75,'06/09/23','Beauty'),(645,'CUST645',4,120,'17/11/23','Electronics'),(646,'CUST646',3,90,'03/05/23','Clothing'),(647,'CUST647',3,1500,'21/05/23','Clothing'),(648,'CUST648',4,1200,'14/08/23','Beauty'),(649,'CUST649',2,600,'09/02/23','Clothing'),(650,'CUST650',1,30,'01/01/24','Electronics'),(651,'CUST651',3,150,'27/05/23','Clothing'),(652,'CUST652',2,100,'01/05/23','Beauty'),(653,'CUST653',3,75,'20/05/23','Clothing'),(654,'CUST654',3,75,'21/06/23','Clothing'),(655,'CUST655',1,500,'13/06/23','Clothing'),(656,'CUST656',3,90,'04/10/23','Beauty'),(657,'CUST657',1,25,'11/02/23','Clothing'),(658,'CUST658',1,25,'12/03/23','Clothing'),(659,'CUST659',1,30,'19/03/23','Electronics'),(660,'CUST660',2,1000,'29/04/23','Beauty'),(661,'CUST661',4,100,'16/07/23','Clothing'),(662,'CUST662',2,1000,'22/12/23','Beauty'),(663,'CUST663',4,1200,'20/03/23','Clothing'),(664,'CUST664',4,2000,'28/12/23','Clothing'),(665,'CUST665',1,50,'20/04/23','Clothing'),(666,'CUST666',3,150,'02/02/23','Electronics'),(667,'CUST667',1,500,'01/08/23','Electronics'),(668,'CUST668',3,150,'28/07/23','Electronics'),(669,'CUST669',4,1200,'19/06/23','Beauty'),(670,'CUST670',1,30,'05/10/23','Beauty'),(671,'CUST671',3,150,'27/08/23','Electronics'),(672,'CUST672',2,100,'01/08/23','Beauty'),(673,'CUST673',3,1500,'01/02/23','Clothing'),(674,'CUST674',1,300,'16/04/23','Clothing'),(675,'CUST675',2,60,'04/08/23','Clothing'),(676,'CUST676',3,1500,'19/07/23','Electronics'),(677,'CUST677',3,1500,'27/10/23','Beauty'),(678,'CUST678',3,900,'23/12/23','Electronics'),(679,'CUST679',3,90,'11/01/23','Beauty'),(680,'CUST680',3,900,'22/10/23','Clothing'),(681,'CUST681',2,60,'14/07/23','Electronics'),(682,'CUST682',4,1200,'02/09/23','Beauty'),(683,'CUST683',2,1000,'04/01/23','Beauty'),(684,'CUST684',2,1000,'30/06/23','Clothing'),(685,'CUST685',2,50,'02/06/23','Electronics'),(686,'CUST686',4,200,'19/07/23','Electronics'),(687,'CUST687',1,300,'03/08/23','Electronics'),(688,'CUST688',4,100,'03/10/23','Clothing'),(689,'CUST689',2,100,'07/10/23','Electronics'),(690,'CUST690',3,900,'05/11/23','Clothing'),(691,'CUST691',3,90,'23/04/23','Clothing'),(692,'CUST692',2,100,'07/09/23','Clothing'),(693,'CUST693',3,1500,'23/04/23','Beauty'),(694,'CUST694',2,50,'20/05/23','Electronics'),(695,'CUST695',3,150,'12/08/23','Electronics'),(696,'CUST696',4,200,'06/09/23','Clothing'),(697,'CUST697',1,500,'15/01/23','Clothing'),(698,'CUST698',1,300,'19/07/23','Electronics'),(699,'CUST699',4,120,'22/06/23','Clothing'),(700,'CUST700',4,2000,'09/12/23','Electronics'),(701,'CUST701',2,60,'14/12/23','Beauty'),(702,'CUST702',2,600,'27/07/23','Clothing'),(703,'CUST703',2,100,'26/03/23','Electronics'),(704,'CUST704',3,90,'28/08/23','Clothing'),(705,'CUST705',2,50,'07/03/23','Electronics'),(706,'CUST706',4,100,'15/11/23','Electronics'),(707,'CUST707',1,500,'01/10/23','Clothing'),(708,'CUST708',3,900,'14/01/23','Beauty'),(709,'CUST709',2,1000,'21/07/23','Electronics'),(710,'CUST710',3,1500,'31/10/23','Electronics'),(711,'CUST711',3,1500,'16/10/23','Electronics'),(712,'CUST712',2,50,'06/12/23','Beauty'),(713,'CUST713',3,75,'14/01/23','Beauty'),(714,'CUST714',1,500,'12/02/23','Clothing'),(715,'CUST715',4,100,'26/11/23','Beauty'),(716,'CUST716',4,1200,'08/08/23','Clothing'),(717,'CUST717',1,500,'11/03/23','Clothing'),(718,'CUST718',3,75,'25/08/23','Beauty'),(719,'CUST719',2,60,'04/04/23','Clothing'),(720,'CUST720',3,1500,'26/01/23','Beauty'),(721,'CUST721',1,500,'14/05/23','Clothing'),(722,'CUST722',3,900,'14/07/23','Beauty'),(723,'CUST723',4,200,'17/06/23','Beauty'),(724,'CUST724',3,150,'19/04/23','Clothing'),(725,'CUST725',1,300,'21/08/23','Electronics'),(726,'CUST726',4,1200,'17/06/23','Clothing'),(727,'CUST727',3,900,'22/06/23','Beauty'),(728,'CUST728',3,150,'14/07/23','Electronics'),(729,'CUST729',4,1200,'23/05/23','Clothing'),(730,'CUST730',2,50,'04/08/23','Clothing'),(731,'CUST731',4,2000,'10/05/23','Clothing'),(732,'CUST732',2,1000,'11/02/23','Electronics'),(733,'CUST733',1,30,'29/08/23','Beauty'),(734,'CUST734',1,30,'10/01/23','Clothing'),(735,'CUST735',4,2000,'04/10/23','Clothing'),(736,'CUST736',4,100,'27/01/23','Clothing'),(737,'CUST737',1,50,'29/06/23','Clothing'),(738,'CUST738',2,100,'25/04/23','Clothing'),(739,'CUST739',1,25,'29/11/23','Beauty'),(740,'CUST740',4,200,'05/02/23','Beauty'),(741,'CUST741',1,300,'30/11/23','Clothing'),(742,'CUST742',4,2000,'21/01/23','Electronics'),(743,'CUST743',4,2000,'16/01/23','Beauty'),(744,'CUST744',1,25,'07/05/23','Electronics'),(745,'CUST745',2,100,'13/04/23','Beauty'),(746,'CUST746',3,90,'11/01/23','Clothing'),(747,'CUST747',1,30,'15/11/23','Beauty'),(748,'CUST748',3,150,'20/03/23','Clothing'),(749,'CUST749',1,30,'03/05/23','Beauty'),(750,'CUST750',3,75,'06/03/23','Clothing'),(751,'CUST751',2,50,'31/08/23','Clothing'),(752,'CUST752',2,100,'09/12/23','Clothing'),(753,'CUST753',1,30,'28/02/23','Clothing'),(754,'CUST754',4,100,'16/10/23','Electronics'),(755,'CUST755',3,75,'22/04/23','Clothing'),(756,'CUST756',4,1200,'27/08/23','Electronics'),(757,'CUST757',4,1200,'25/12/23','Electronics'),(758,'CUST758',4,100,'12/05/23','Clothing'),(759,'CUST759',2,100,'08/07/23','Electronics'),(760,'CUST760',1,500,'27/03/23','Beauty'),(761,'CUST761',1,500,'07/11/23','Clothing'),(762,'CUST762',2,50,'07/11/23','Electronics'),(763,'CUST763',2,50,'28/02/23','Clothing'),(764,'CUST764',1,25,'25/03/23','Clothing'),(765,'CUST765',4,200,'09/06/23','Clothing'),(766,'CUST766',3,900,'25/02/23','Electronics'),(767,'CUST767',3,75,'24/10/23','Beauty'),(768,'CUST768',3,75,'14/01/23','Beauty'),(769,'CUST769',4,120,'09/06/23','Electronics'),(770,'CUST770',1,50,'22/10/23','Clothing'),(771,'CUST771',2,50,'13/12/23','Electronics'),(772,'CUST772',1,30,'12/07/23','Electronics'),(773,'CUST773',4,2000,'23/07/23','Electronics'),(774,'CUST774',2,50,'12/04/23','Clothing'),(775,'CUST775',4,100,'08/02/23','Electronics'),(776,'CUST776',3,90,'31/10/23','Clothing'),(777,'CUST777',3,150,'20/12/23','Electronics'),(778,'CUST778',4,100,'18/11/23','Beauty'),(779,'CUST779',2,1000,'05/05/23','Electronics'),(780,'CUST780',2,50,'22/02/23','Electronics'),(781,'CUST781',1,500,'23/12/23','Beauty'),(782,'CUST782',3,900,'04/06/23','Clothing'),(783,'CUST783',1,300,'17/12/23','Clothing'),(784,'CUST784',1,500,'04/11/23','Electronics'),(785,'CUST785',4,200,'03/03/23','Beauty'),(786,'CUST786',4,100,'17/10/23','Clothing'),(787,'CUST787',1,25,'22/01/23','Electronics'),(788,'CUST788',3,900,'27/06/23','Beauty'),(789,'CUST789',4,2000,'30/09/23','Clothing'),(790,'CUST790',1,25,'08/08/23','Clothing'),(791,'CUST791',1,25,'05/12/23','Beauty'),(792,'CUST792',1,50,'09/07/23','Beauty'),(793,'CUST793',1,30,'05/02/23','Beauty'),(794,'CUST794',1,300,'17/09/23','Beauty'),(795,'CUST795',1,300,'28/11/23','Electronics'),(796,'CUST796',4,120,'24/06/23','Beauty'),(797,'CUST797',3,75,'07/01/23','Clothing'),(798,'CUST798',1,50,'04/08/23','Clothing'),(799,'CUST799',2,100,'08/09/23','Electronics'),(800,'CUST800',4,1200,'24/02/23','Clothing'),(801,'CUST801',4,200,'10/08/23','Clothing'),(802,'CUST802',1,30,'05/07/23','Beauty'),(803,'CUST803',4,100,'22/11/23','Clothing'),(804,'CUST804',1,30,'24/08/23','Electronics'),(805,'CUST805',3,1500,'29/12/23','Beauty'),(806,'CUST806',3,900,'20/03/23','Beauty'),(807,'CUST807',4,200,'11/08/23','Electronics'),(808,'CUST808',4,2000,'01/04/23','Beauty'),(809,'CUST809',2,100,'25/09/23','Beauty'),(810,'CUST810',4,100,'30/11/23','Electronics'),(811,'CUST811',2,50,'19/05/23','Beauty'),(812,'CUST812',3,75,'12/11/23','Electronics'),(813,'CUST813',3,150,'03/10/23','Electronics'),(814,'CUST814',1,500,'05/09/23','Clothing'),(815,'CUST815',3,75,'27/08/23','Clothing'),(816,'CUST816',2,1000,'12/08/23','Beauty'),(817,'CUST817',4,200,'31/10/23','Beauty'),(818,'CUST818',1,500,'18/05/23','Electronics'),(819,'CUST819',2,100,'15/06/23','Beauty'),(820,'CUST820',4,200,'06/05/23','Electronics'),(821,'CUST821',1,300,'14/02/23','Electronics'),(822,'CUST822',3,150,'23/05/23','Beauty'),(823,'CUST823',2,100,'19/08/23','Electronics'),(824,'CUST824',4,120,'05/05/23','Clothing'),(825,'CUST825',1,25,'26/08/23','Beauty'),(826,'CUST826',1,300,'19/10/23','Clothing'),(827,'CUST827',3,900,'09/11/23','Beauty'),(828,'CUST828',4,1200,'09/12/23','Electronics'),(829,'CUST829',3,90,'14/07/23','Beauty'),(830,'CUST830',3,150,'22/06/23','Clothing'),(831,'CUST831',4,100,'15/01/23','Electronics'),(832,'CUST832',4,2000,'11/09/23','Beauty'),(833,'CUST833',4,200,'16/06/23','Beauty'),(834,'CUST834',2,60,'04/04/23','Beauty'),(835,'CUST835',4,200,'07/09/23','Clothing'),(836,'CUST836',1,50,'19/04/23','Clothing'),(837,'CUST837',3,90,'01/07/23','Beauty'),(838,'CUST838',2,600,'13/05/23','Electronics'),(839,'CUST839',4,1200,'24/06/23','Electronics'),(840,'CUST840',2,50,'24/05/23','Clothing'),(841,'CUST841',4,100,'02/11/23','Electronics'),(842,'CUST842',2,600,'26/12/23','Clothing'),(843,'CUST843',3,1500,'22/05/23','Beauty'),(844,'CUST844',3,150,'12/10/23','Clothing'),(845,'CUST845',1,500,'06/01/23','Clothing'),(846,'CUST846',1,50,'22/09/23','Beauty'),(847,'CUST847',4,1200,'08/04/23','Electronics'),(848,'CUST848',3,75,'13/02/23','Clothing'),(849,'CUST849',2,50,'04/05/23','Clothing'),(850,'CUST850',2,1000,'28/07/23','Beauty'),(851,'CUST851',2,50,'08/09/23','Electronics'),(852,'CUST852',1,300,'12/10/23','Clothing'),(853,'CUST853',2,1000,'04/05/23','Beauty'),(854,'CUST854',1,50,'20/12/23','Clothing'),(855,'CUST855',1,25,'01/09/23','Beauty'),(856,'CUST856',4,120,'27/11/23','Electronics'),(857,'CUST857',2,50,'31/12/23','Electronics'),(858,'CUST858',2,100,'09/09/23','Electronics'),(859,'CUST859',3,1500,'18/08/23','Electronics'),(860,'CUST860',4,200,'09/01/23','Clothing'),(861,'CUST861',3,90,'17/02/23','Clothing'),(862,'CUST862',4,1200,'31/05/23','Electronics'),(863,'CUST863',2,50,'24/04/23','Electronics'),(864,'CUST864',1,500,'27/07/23','Electronics'),(865,'CUST865',1,300,'21/12/23','Clothing'),(866,'CUST866',1,50,'05/05/23','Electronics'),(867,'CUST867',1,500,'06/06/23','Electronics'),(868,'CUST868',1,300,'06/12/23','Electronics'),(869,'CUST869',3,1500,'25/10/23','Beauty'),(870,'CUST870',4,120,'08/07/23','Electronics'),(871,'CUST871',2,60,'31/08/23','Beauty'),(872,'CUST872',3,75,'11/10/23','Beauty'),(873,'CUST873',4,100,'29/09/23','Electronics'),(874,'CUST874',1,30,'26/06/23','Beauty'),(875,'CUST875',4,2000,'06/08/23','Electronics'),(876,'CUST876',4,120,'09/10/23','Clothing'),(877,'CUST877',1,25,'19/06/23','Clothing'),(878,'CUST878',1,30,'30/06/23','Clothing'),(879,'CUST879',1,30,'26/12/23','Clothing'),(880,'CUST880',2,1000,'21/08/23','Beauty'),(881,'CUST881',1,300,'19/05/23','Electronics'),(882,'CUST882',2,50,'06/06/23','Electronics'),(883,'CUST883',1,500,'09/05/23','Electronics'),(884,'CUST884',2,60,'29/04/23','Clothing'),(885,'CUST885',4,120,'03/03/23','Clothing'),(886,'CUST886',3,900,'09/04/23','Electronics'),(887,'CUST887',4,100,'11/06/23','Clothing'),(888,'CUST888',4,100,'03/03/23','Electronics'),(889,'CUST889',1,50,'02/10/23','Electronics'),(890,'CUST890',2,50,'20/12/23','Electronics'),(891,'CUST891',3,900,'05/04/23','Electronics'),(892,'CUST892',1,50,'09/04/23','Electronics'),(893,'CUST893',1,50,'21/04/23','Electronics'),(894,'CUST894',1,30,'05/09/23','Electronics'),(895,'CUST895',4,120,'22/05/23','Clothing'),(896,'CUST896',2,50,'29/10/23','Electronics'),(897,'CUST897',2,100,'26/09/23','Electronics'),(898,'CUST898',3,90,'02/11/23','Clothing'),(899,'CUST899',2,600,'25/05/23','Clothing'),(900,'CUST900',2,60,'21/02/23','Clothing'),(901,'CUST901',1,30,'10/04/23','Electronics'),(902,'CUST902',1,50,'01/06/23','Beauty'),(903,'CUST903',4,200,'27/04/23','Beauty'),(904,'CUST904',1,500,'04/07/23','Clothing'),(905,'CUST905',1,300,'02/04/23','Beauty'),(906,'CUST906',1,50,'04/06/23','Clothing'),(907,'CUST907',1,25,'08/01/23','Electronics'),(908,'CUST908',4,1200,'29/12/23','Beauty'),(909,'CUST909',1,300,'01/10/23','Electronics'),(910,'CUST910',3,150,'06/03/23','Beauty'),(911,'CUST911',3,900,'21/05/23','Electronics'),(912,'CUST912',3,150,'24/01/23','Beauty'),(913,'CUST913',3,90,'28/01/23','Electronics'),(914,'CUST914',1,500,'11/10/23','Electronics'),(915,'CUST915',3,90,'30/05/23','Beauty'),(916,'CUST916',1,50,'24/12/23','Electronics'),(917,'CUST917',4,200,'06/03/23','Electronics'),(918,'CUST918',3,90,'23/11/23','Electronics'),(919,'CUST919',2,50,'09/09/23','Beauty'),(920,'CUST920',3,75,'22/02/23','Beauty'),(921,'CUST921',3,75,'07/01/23','Electronics'),(922,'CUST922',1,50,'21/10/23','Electronics'),(923,'CUST923',3,900,'26/05/23','Beauty'),(924,'CUST924',2,100,'29/08/23','Beauty'),(925,'CUST925',1,300,'03/09/23','Electronics'),(926,'CUST926',1,30,'14/08/23','Electronics'),(927,'CUST927',4,2000,'24/06/23','Electronics'),(928,'CUST928',4,1200,'05/04/23','Clothing'),(929,'CUST929',3,75,'27/01/23','Beauty'),(930,'CUST930',4,200,'10/05/23','Clothing'),(931,'CUST931',4,120,'02/09/23','Beauty'),(932,'CUST932',4,100,'28/02/23','Beauty'),(933,'CUST933',1,30,'03/02/23','Beauty'),(934,'CUST934',1,500,'25/07/23','Beauty'),(935,'CUST935',1,50,'09/09/23','Beauty'),(936,'CUST936',4,200,'07/02/23','Beauty'),(937,'CUST937',1,500,'23/10/23','Beauty'),(938,'CUST938',4,200,'19/11/23','Clothing'),(939,'CUST939',1,300,'18/12/23','Electronics'),(940,'CUST940',1,30,'28/01/23','Electronics'),(941,'CUST941',2,50,'19/03/23','Clothing'),(942,'CUST942',3,1500,'18/03/23','Clothing'),(943,'CUST943',4,1200,'16/10/23','Clothing'),(944,'CUST944',2,50,'05/06/23','Clothing'),(945,'CUST945',1,25,'13/02/23','Beauty'),(946,'CUST946',4,2000,'08/05/23','Electronics'),(947,'CUST947',1,300,'02/03/23','Beauty'),(948,'CUST948',3,75,'13/10/23','Electronics'),(949,'CUST949',2,50,'02/08/23','Electronics'),(950,'CUST950',3,900,'07/11/23','Clothing'),(951,'CUST951',2,100,'02/11/23','Beauty'),(952,'CUST952',1,25,'13/11/23','Clothing'),(953,'CUST953',3,90,'26/04/23','Beauty'),(954,'CUST954',3,900,'25/09/23','Electronics'),(955,'CUST955',1,25,'14/07/23','Clothing'),(956,'CUST956',3,1500,'19/08/23','Clothing'),(957,'CUST957',4,120,'15/08/23','Electronics'),(958,'CUST958',2,50,'02/06/23','Electronics'),(959,'CUST959',2,60,'29/10/23','Electronics'),(960,'CUST960',2,60,'08/08/23','Clothing'),(961,'CUST961',4,200,'06/06/23','Beauty'),(962,'CUST962',2,60,'19/10/23','Clothing'),(963,'CUST963',1,50,'14/11/23','Beauty'),(964,'CUST964',3,900,'31/01/23','Clothing'),(965,'CUST965',4,200,'09/11/23','Clothing'),(966,'CUST966',2,1000,'20/02/23','Electronics'),(967,'CUST967',1,25,'17/04/23','Beauty'),(968,'CUST968',3,900,'17/11/23','Clothing'),(969,'CUST969',3,900,'19/04/23','Clothing'),(970,'CUST970',4,2000,'16/05/23','Electronics'),(971,'CUST971',4,200,'05/12/23','Electronics'),(972,'CUST972',4,100,'11/02/23','Beauty'),(973,'CUST973',1,50,'22/03/23','Clothing'),(974,'CUST974',1,30,'03/05/23','Beauty'),(975,'CUST975',4,200,'30/03/23','Clothing'),(976,'CUST976',2,600,'10/10/23','Beauty'),(977,'CUST977',3,75,'08/02/23','Electronics'),(978,'CUST978',3,150,'22/03/23','Clothing'),(979,'CUST979',1,25,'02/01/23','Beauty'),(980,'CUST980',3,75,'29/07/23','Electronics'),(981,'CUST981',2,60,'19/08/23','Electronics'),(982,'CUST982',3,90,'19/12/23','Beauty'),(983,'CUST983',1,300,'01/11/23','Clothing'),(984,'CUST984',1,500,'29/08/23','Clothing'),(985,'CUST985',2,50,'30/05/23','Electronics'),(986,'CUST986',2,1000,'17/01/23','Clothing'),(987,'CUST987',3,900,'29/04/23','Clothing'),(988,'CUST988',3,75,'28/05/23','Clothing'),(989,'CUST989',1,25,'28/12/23','Electronics'),(990,'CUST990',2,1000,'25/05/23','Beauty'),(991,'CUST991',2,100,'26/12/23','Clothing'),(992,'CUST992',2,60,'21/08/23','Electronics'),(993,'CUST993',3,150,'06/02/23','Electronics'),(994,'CUST994',2,1000,'18/12/23','Beauty'),(995,'CUST995',1,30,'30/04/23','Clothing'),(996,'CUST996',1,50,'16/05/23','Clothing'),(997,'CUST997',3,90,'17/11/23','Beauty'),(998,'CUST998',4,100,'29/10/23','Beauty'),(999,'CUST999',3,150,'05/12/23','Electronics'),(1000,'CUST1000',4,120,'12/04/23','Electronics');
/*!40000 ALTER TABLE `transaction` ENABLE KEYS */;
UNLOCK TABLES;
/*!40103 SET TIME_ZONE=@OLD_TIME_ZONE */;

/*!40101 SET SQL_MODE=@OLD_SQL_MODE */;
/*!40014 SET FOREIGN_KEY_CHECKS=@OLD_FOREIGN_KEY_CHECKS */;
/*!40014 SET UNIQUE_CHECKS=@OLD_UNIQUE_CHECKS */;
/*!40101 SET CHARACTER_SET_CLIENT=@OLD_CHARACTER_SET_CLIENT */;
/*!40101 SET CHARACTER_SET_RESULTS=@OLD_CHARACTER_SET_RESULTS */;
/*!40101 SET COLLATION_CONNECTION=@OLD_COLLATION_CONNECTION */;
/*!40111 SET SQL_NOTES=@OLD_SQL_NOTES */;

-- Dump completed on 2026-04-22  3:58:16
